time,snr_lw1,snr_lw2,snr_lw3,snr_lw4
2025-04-20 22:39:46.940801,20.785908,0.251158,2.200996,-1.853344
2025-04-20 22:39:47.940047,18.618828,-0.153267,0.883062,-2.217747
2025-04-20 22:39:48.927076,20.584835,0.539923,1.065952,-3.634647
2025-04-20 22:39:49.892195,19.612209,0.426538,0.590597,-3.947479
2025-04-20 22:39:50.895147,19.894054,1.568878,0.23958,-2.082146
2025-04-20 22:39:51.934554,19.582317,1.822599,0.580318,-2.464426
2025-04-20 22:39:52.900029,20.316166,-0.100372,1.464115,-3.041719
2025-04-20 22:39:53.907712,18.208958,0.751837,-0.516167,-3.070143
2025-04-20 22:39:54.917317,22.589905,-2.236912,0.974113,-2.396023
2025-04-20 22:39:55.961315,17.400871,0.092609,0.702593,-0.762566
2025-04-20 22:39:56.898401,22.934566,1.389101,-0.506651,-0.356503
2025-04-20 22:39:57.894833,23.529118,-0.652925,1.072977,-2.281677
2025-04-20 22:39:58.937435,25.336987,-0.788633,0.048098,-2.176949
2025-04-20 22:39:59.904710,27.755318,0.108143,0.250965,-0.331776
2025-04-20 22:40:00.901941,27.842102,1.39879,1.379072,-0.929335
2025-04-20 22:40:01.960703,26.776119,0.749531,0.2253,-2.675264
2025-04-20 22:40:02.902233,29.241928,-0.136541,-0.292847,-1.323286
2025-04-20 22:40:03.902361,26.561794,-0.591175,1.067322,-1.775871
2025-04-20 22:40:04.898546,26.95715,0.123087,-1.132856,-2.596001
2025-04-20 22:40:05.940994,28.606537,-0.162134,-0.647205,-3.879547
2025-04-20 22:40:06.900350,28.359734,1.265675,-0.252649,-2.263149
2025-04-20 22:40:07.921490,27.659397,-19.591923,0.368799,-2.42671
2025-04-20 22:40:08.892856,26.92062,1.821363,0.305023,-2.460209
2025-04-20 22:40:09.913517,27.265591,-2.425289,-5.418518,-3.114733
2025-04-20 22:40:10.898957,27.495346,0.219055,-0.665699,-2.099981
2025-04-20 22:40:11.903424,28.099102,2.217442,-0.292063,-0.799526
2025-04-20 22:40:12.910614,28.416473,1.457436,-0.911484,-1.802633
2025-04-20 22:40:13.893574,27.326626,1.100079,0.223854,-1.7274
2025-04-20 22:40:14.901206,29.182503,0.18228,0.39801,-1.766182
2025-04-20 22:40:15.910508,28.199081,1.745399,0.004475,-1.075281
2025-04-20 22:40:16.929808,28.100803,-0.532282,0.299862,-0.716797
2025-04-20 22:40:17.948785,29.251461,0.224487,-0.961805,-2.009541
2025-04-20 22:40:18.917087,28.434116,-0.210405,0.660593,-1.744778
2025-04-20 22:40:19.915181,28.786789,1.488108,0.352682,-6.2705
2025-04-20 22:40:20.925075,26.926796,2.346981,-2.301203,-1.529966
2025-04-20 22:40:21.925662,28.365746,0.65719,-0.235262,-2.265169
2025-04-20 22:40:22.924773,28.401867,-0.506964,1.023855,-2.443186
2025-04-20 22:40:23.918036,27.289822,0.562206,1.728046,-1.209965
2025-04-20 22:40:24.929641,26.261238,1.269205,-1.171194,-0.771368
2025-04-20 22:40:25.913795,20.048378,0.921547,-1.711451,0.177277
2025-04-20 22:40:26.922223,23.893433,2.05999,-1.253675,-0.510021
2025-04-20 22:40:27.955513,21.45454,1.192806,-0.209326,-1.071449
2025-04-20 22:40:28.917375,19.744987,1.826601,-0.134138,-1.631445
2025-04-20 22:40:29.922538,19.399921,2.263008,0.463856,-0.238258
2025-04-20 22:40:30.944871,16.873089,1.542387,-1.016901,-0.359554
2025-04-20 22:40:31.918106,16.197262,1.434782,0.858913,-1.448071
2025-04-20 22:40:32.936989,17.148262,1.52478,-0.959242,-0.94059
2025-04-20 22:40:33.917068,14.379372,2.413971,-0.404032,0.040159
2025-04-20 22:40:34.917695,12.769737,2.597015,-0.332975,-0.810917
2025-04-20 22:40:35.925269,13.844639,2.042759,-1.26371,1.18799
2025-04-20 22:40:36.928391,13.871796,0.160727,-6.242952,-0.329285
2025-04-20 22:40:37.989146,11.57856,1.297142,-0.823704,-1.386082
2025-04-20 22:40:38.936519,12.956429,1.863594,-1.59136,-1.063356
2025-04-20 22:40:39.919865,10.792461,1.308435,-1.468388,0.942955
2025-04-20 22:40:40.967786,10.538445,1.419905,-0.810972,0.298595
2025-04-20 22:40:41.947925,10.006477,1.192249,-1.62916,0.178862
2025-04-20 22:40:42.944697,10.255016,2.315987,-2.319315,-0.649929
2025-04-20 22:40:43.949537,10.457947,3.976646,-11.435173,-0.555792
2025-04-20 22:40:44.927524,8.52808,1.571611,-2.018957,0.63456
2025-04-20 22:40:45.935163,8.143604,2.911793,-3.064135,-1.65242
2025-04-20 22:40:46.935176,8.928505,3.193436,-2.03653,1.194931
2025-04-20 22:40:47.977291,8.216656,2.811829,-4.903889,1.074005
2025-04-20 22:40:48.925560,9.647373,3.319126,-2.128857,0.962826
2025-04-20 22:40:49.955094,7.035313,3.288185,-3.813616,1.577951
2025-04-20 22:40:51.007702,7.437679,2.268002,-3.884857,1.077728
2025-04-20 22:40:51.930014,7.185154,4.29287,-1.807957,0.724241
2025-04-20 22:40:52.929822,7.689922,1.738165,-3.395048,1.162424
2025-04-20 22:40:53.926257,6.762348,4.92152,-4.179493,2.138824
2025-04-20 22:40:54.940638,6.587357,2.119606,-2.824816,1.797949
2025-04-20 22:40:55.932066,4.975822,3.559402,-3.332602,1.53422
2025-04-20 22:40:56.932004,5.037224,3.17691,-3.371302,3.145393
2025-04-20 22:40:57.949592,4.12883,3.651958,-3.009842,2.397949
2025-04-20 22:40:58.942042,4.300228,2.766827,-2.892275,4.356865
2025-04-20 22:40:59.962945,3.485069,2.939732,-1.841131,1.249027
2025-04-20 22:41:00.993338,5.131565,3.640648,-4.040539,4.373276
2025-04-20 22:41:01.935768,4.778946,4.66972,-12.926468,3.121761
2025-04-20 22:41:02.942106,4.224453,4.012787,-3.811504,4.494564
2025-04-20 22:41:03.953210,3.631218,3.551281,-4.63061,3.074223
2025-04-20 22:41:04.947280,-13.818035,3.932747,-2.890015,4.401543
2025-04-20 22:41:05.946283,3.605671,4.907078,-4.492292,3.972599
2025-04-20 22:41:06.993815,2.769844,3.939514,-4.744505,3.576431
2025-04-20 22:41:07.955786,3.351421,4.986656,-4.915009,-34.745758
2025-04-20 22:41:08.958444,2.306229,2.733746,-6.054506,5.074265
2025-04-20 22:41:09.990497,3.628677,3.050575,-4.409821,3.601067
2025-04-20 22:41:11.015464,1.395454,4.515854,-3.412476,3.806347
2025-04-20 22:41:11.961822,1.592451,3.314461,-5.704231,4.163448
2025-04-20 22:41:12.963230,2.756794,3.642441,-3.695116,4.742683
2025-04-20 22:41:13.953954,3.722446,3.805817,-3.145313,4.076397
2025-04-20 22:41:14.960997,3.525345,1.842678,-3.254404,5.837532
2025-04-20 22:41:15.950636,3.703587,4.206512,-3.49235,5.398624
2025-04-20 22:41:17.008665,3.438496,3.788548,-3.935272,3.636673
2025-04-20 22:41:18.011225,2.977989,2.587986,-5.303497,4.126827
2025-04-20 22:41:19.039790,4.201206,3.075371,-7.120373,5.031761
2025-04-20 22:41:20.050494,3.935284,1.755625,-5.408619,4.364483
2025-04-20 22:41:21.083031,3.577385,2.576958,-4.420641,6.2486
2025-04-20 22:41:22.101070,3.958618,3.448418,-3.853182,5.535728
2025-04-20 22:41:23.176020,2.669411,3.34663,-4.135902,4.646729
2025-04-20 22:41:24.197508,2.822773,3.342178,-4.119427,3.487598
2025-04-20 22:41:25.197306,2.695599,1.4846,-5.077778,3.696915
2025-04-20 22:41:26.203735,1.190943,3.544582,-5.808842,6.155643
2025-04-20 22:41:27.221612,1.547747,2.862186,-4.19952,4.325428
2025-04-20 22:41:28.227291,2.48909,3.190842,-4.848843,5.06115
2025-04-20 22:41:29.293328,2.407894,3.124271,-3.780357,5.093063
2025-04-20 22:41:30.280647,3.012978,3.082409,-4.169825,3.419003
2025-04-20 22:41:31.321119,3.53688,4.712193,-4.836403,3.889153
2025-04-20 22:41:32.342266,4.317299,4.709858,-2.850929,3.584965
2025-04-20 22:41:33.377237,2.986935,3.992687,-5.698135,4.964542
2025-04-20 22:41:34.399557,0.861715,3.332062,-4.371851,4.96035
2025-04-20 22:41:35.431913,2.33939,3.355831,-4.567171,4.366287
2025-04-20 22:41:36.475465,-6.933262,2.392838,-3.467285,4.446358
2025-04-20 22:41:37.456412,3.671448,4.875004,-4.313677,3.376297
2025-04-20 22:41:38.522386,3.590378,5.390846,-5.377165,3.04982
2025-04-20 22:41:39.591571,2.833229,3.366558,-4.022673,4.232056
2025-04-20 22:41:40.711049,4.081387,4.533798,-10.835958,4.31522
2025-04-20 22:41:41.726126,3.425961,5.643913,-3.328327,4.174255
2025-04-20 22:41:42.718193,4.468262,3.75449,-3.86618,2.478317
2025-04-20 22:41:43.745811,3.784389,6.418877,-4.815533,2.328827
2025-04-20 22:41:44.797610,3.819153,5.840046,-5.529116,2.09602
2025-04-20 22:41:45.796963,4.103947,5.205036,-3.876347,3.035954
2025-04-20 22:41:46.889733,3.177258,7.921307,-3.887951,4.3339
2025-04-20 22:41:47.879116,3.490063,6.778435,-6.976292,1.835739
2025-04-20 22:41:48.930747,-10.316374,6.121742,-3.576466,2.145641
2025-04-20 22:41:49.925168,2.922798,7.462524,-4.270941,2.337555
2025-04-20 22:41:50.932010,2.068913,7.093563,-4.648348,3.288536
2025-04-20 22:41:51.971866,4.470509,6.939053,-4.105434,1.500246
2025-04-20 22:41:52.995252,2.698334,8.219666,-4.893621,1.777777
2025-04-20 22:41:54.021376,3.304493,7.711304,-5.932117,0.517349
2025-04-20 22:41:55.033483,1.385475,8.511711,-4.437359,0.697144
2025-04-20 22:41:56.085056,1.413509,8.707375,-3.560131,0.100077
2025-04-20 22:41:57.096389,5.35886,7.633064,-4.175293,1.058084
2025-04-20 22:41:58.110509,2.700897,10.228493,-6.041731,0.571749
2025-04-20 22:41:59.158904,4.0252,9.903263,-3.244499,0.530489
2025-04-20 22:42:00.177583,2.971977,12.129414,-3.187548,1.186899
2025-04-20 22:42:01.228989,4.210503,10.384769,-4.001148,2.200584
2025-04-20 22:42:02.196100,1.881849,10.015133,-4.512497,-0.310888
2025-04-20 22:42:03.200136,3.140087,12.146198,-4.403246,1.266653
2025-04-20 22:42:04.224681,3.918159,10.980446,-4.565521,1.560535
2025-04-20 22:42:05.253687,3.227573,9.579201,-3.070499,-0.912388
2025-04-20 22:42:06.282198,2.954491,13.739319,-4.42588,0.353127
2025-04-20 22:42:07.256583,2.496456,10.755291,-3.871788,-1.609299
2025-04-20 22:42:08.328978,2.850578,11.73476,-5.187723,0.137283
2025-04-20 22:42:09.277653,2.723457,12.740662,-6.552927,0.536947
2025-04-20 22:42:10.278107,0.865582,11.55439,-3.641499,0.47761
2025-04-20 22:42:11.303753,1.986164,13.083054,-6.241783,-0.227922
2025-04-20 22:42:12.374220,1.946089,12.856007,-4.814257,0.158146
2025-04-20 22:42:13.383269,3.015366,11.702866,-3.298115,-0.311321
2025-04-20 22:42:14.359367,2.622192,12.566956,-7.868698,-0.079504
2025-04-20 22:42:15.372794,3.155937,12.407913,-4.179207,-1.448044
2025-04-20 22:42:16.377626,2.90844,12.546021,-6.100252,-1.148514
2025-04-20 22:42:17.404400,1.017862,13.127129,-3.387381,-1.120951
2025-04-20 22:42:18.429226,-0.03336,13.37196,-5.849413,-3.755835
2025-04-20 22:42:19.442386,-0.150774,13.719994,-5.130093,-1.137022
2025-04-20 22:42:20.450245,1.608767,13.429432,-5.175598,-3.273779
2025-04-20 22:42:21.472347,1.444059,14.394192,-3.73196,-2.284309
2025-04-20 22:42:22.495301,-3.773226,14.2556,-4.279259,-13.528381
2025-04-20 22:42:23.553451,0.762648,14.657646,-5.863907,-2.145292
2025-04-20 22:42:24.524680,1.113499,13.290829,-4.610334,-1.462172
2025-04-20 22:42:25.536341,0.074804,14.839371,-4.135262,-2.930017
2025-04-20 22:42:26.550469,1.719442,12.470432,-5.023458,-2.831472
2025-04-20 22:42:27.567393,1.548979,11.912861,-3.911158,-1.743486
2025-04-20 22:42:28.601810,-1.087038,13.951561,-4.039743,-1.637379
2025-04-20 22:42:29.594059,2.065037,13.645241,-6.275547,-1.066198
2025-04-20 22:42:30.600269,2.714279,14.123943,-5.97397,-1.947672
2025-04-20 22:42:31.626697,0.947304,12.492104,-3.593008,-2.2218
2025-04-20 22:42:32.631533,2.371769,14.845169,-4.921047,-0.131098
2025-04-20 22:42:33.653346,1.939907,13.490208,-5.575556,-2.201351
2025-04-20 22:42:34.692595,1.819464,13.455914,-6.409483,-3.67063
2025-04-20 22:42:35.698653,1.582512,11.939842,-5.082573,-3.808996
2025-04-20 22:42:36.710348,3.251625,10.901291,-5.427717,-2.114801
2025-04-20 22:42:37.716003,1.477394,14.340382,-5.683489,-1.738956
2025-04-20 22:42:38.729117,0.135712,13.666924,-3.907469,-2.008812
2025-04-20 22:42:39.810672,0.703661,12.56781,-10.757158,-6.478914
2025-04-20 22:42:40.854270,0.892467,13.492298,-6.142485,-2.105066
2025-04-20 22:42:41.823641,2.320915,11.952358,-7.240286,-3.459784
2025-04-20 22:42:42.890763,1.614233,12.920479,-5.713869,-2.275074
2025-04-20 22:42:43.901051,1.651016,12.421852,-5.952353,-2.28731
2025-04-20 22:42:44.922009,1.937729,13.031544,-5.330271,-0.861792
2025-04-20 22:42:45.980796,2.192566,13.362148,-3.096046,-1.130503
2025-04-20 22:42:47.072937,2.536633,13.62458,-5.832989,-4.312847
2025-04-20 22:42:48.044623,0.286642,11.755264,-4.340416,-2.949158
2025-04-20 22:42:49.074293,0.508736,12.181957,-4.340691,-1.0795
2025-04-20 22:42:50.093673,2.968513,12.435513,-5.434561,-0.088007
2025-04-20 22:42:51.172706,2.076523,10.263577,-5.005604,-3.763956
2025-04-20 22:42:52.131926,-0.041569,8.701668,-3.399033,-1.058876
2025-04-20 22:42:53.170461,2.391953,9.031727,-4.785526,-1.969997
2025-04-20 22:42:54.193785,2.134159,8.654358,-4.283131,-1.951544
2025-04-20 22:42:55.247156,4.144238,9.251606,-2.904814,-2.385805
2025-04-20 22:42:56.200201,3.23848,9.328857,-4.415974,-2.818933
2025-04-20 22:42:57.223347,3.040073,8.499107,-4.705202,-2.113735
2025-04-20 22:42:58.234024,2.517361,6.985466,-3.51009,-2.435843
2025-04-20 22:42:59.244704,3.667103,7.232944,-5.308174,-2.522682
2025-04-20 22:43:00.249794,4.761578,6.776009,-4.105997,-3.302315
2025-04-20 22:43:01.272374,2.889942,6.322304,-2.915129,-2.326052
2025-04-20 22:43:02.291528,3.31958,5.955338,-3.709024,-3.263124
2025-04-20 22:43:03.289639,3.569687,7.331451,-4.081591,-2.19319
2025-04-20 22:43:04.329465,2.162354,6.8274,-2.870922,-2.731157
2025-04-20 22:43:05.340101,4.62196,5.471867,-3.67359,-3.561262
2025-04-20 22:43:06.357472,4.475765,5.415443,-4.613503,-3.306976
2025-04-20 22:43:07.383007,5.725372,4.170509,-3.155455,-3.296955
2025-04-20 22:43:08.410381,4.695911,4.329922,-3.78002,-2.895741
2025-04-20 22:43:09.416838,4.526836,-17.60154,-3.313335,-2.76182
2025-04-20 22:43:10.479680,5.616287,3.911865,-2.91959,-2.4091
2025-04-20 22:43:11.475960,6.475227,4.147888,-1.93239,-3.372179
2025-04-20 22:43:12.497442,6.128918,3.865379,-3.212635,-2.575853
2025-04-20 22:43:13.584516,5.635246,3.142075,-2.36027,-4.316422
2025-04-20 22:43:14.534290,5.04858,3.278629,-1.892538,-2.303682
2025-04-20 22:43:15.543199,7.618961,2.966198,-2.495449,-4.221695
2025-04-20 22:43:16.571521,5.995392,2.832371,-2.236309,-3.778692
2025-04-20 22:43:17.576582,6.09589,2.048347,-1.41317,-2.161018
2025-04-20 22:43:18.582393,7.362663,3.244659,-3.929115,-2.772169
2025-04-20 22:43:19.603734,6.023556,4.009029,-0.075909,-1.455069
2025-04-20 22:43:20.631136,5.280582,1.946335,-1.323526,-1.03631
2025-04-20 22:43:21.638313,6.783916,0.859011,-0.955864,-3.43231
2025-04-20 22:43:22.693576,6.886059,1.591341,-0.625811,-3.37594
2025-04-20 22:43:23.680510,6.585247,2.2994,-1.250053,-1.048199
2025-04-20 22:43:24.762824,6.307568,1.174625,-0.225237,-2.965469
2025-04-20 22:43:25.722010,8.560963,0.517199,-1.091154,-4.576008
2025-04-20 22:43:26.714925,7.576035,-1.106077,-0.251841,-3.834908
2025-04-20 22:43:27.731634,7.440479,0.02581,-1.33882,-3.990728
2025-04-20 22:43:28.737344,6.131504,0.776192,0.35166,-4.191551
2025-04-20 22:43:29.743853,7.265984,1.334179,-0.279406,-3.203815
2025-04-20 22:43:30.833621,8.887257,0.009466,-0.720657,-3.216539
2025-04-20 22:43:31.842060,6.461746,-0.463017,0.307409,-3.603676
2025-04-20 22:43:32.884824,6.412411,-0.098881,1.348883,-3.399717
2025-04-20 22:43:33.916706,7.773121,2.586861,1.152313,-4.793468
2025-04-20 22:43:34.948807,7.183502,0.844006,0.139263,-2.475767
2025-04-20 22:43:36.005503,7.890312,0.999065,-1.048164,-2.756573
2025-04-20 22:43:36.994877,6.83955,-0.648764,0.068027,-5.860518
2025-04-20 22:43:38.029044,7.449612,-0.504755,1.626577,-5.568525
2025-04-20 22:43:39.061263,6.609428,0.025513,0.947969,-4.632736
2025-04-20 22:43:40.063570,7.508858,-1.977249,3.28537,-4.305115
2025-04-20 22:43:41.104752,7.896523,-0.250402,1.775436,-3.185486
2025-04-20 22:43:42.093015,5.383022,-1.030308,1.374477,-3.750206
2025-04-20 22:43:43.116852,7.074257,0.662317,0.792091,-4.778322
2025-04-20 22:43:44.141803,5.843037,-0.477112,0.326408,-4.654501
2025-04-20 22:43:45.198128,5.815601,-2.637714,1.422474,-4.385904
2025-04-20 22:43:46.156165,6.81815,-1.905441,1.700878,-2.161636
2025-04-20 22:43:47.173318,5.342331,-3.260315,5.09243,-5.204683
2025-04-20 22:43:48.189167,5.272217,-2.363413,2.489014,-4.665333
2025-04-20 22:43:49.259363,3.521793,-2.307007,2.993237,-5.319386
2025-04-20 22:43:50.234977,5.198456,-3.531397,2.015518,-4.671564
2025-04-20 22:43:51.299793,5.288979,-0.361204,2.720932,-29.162956
2025-04-20 22:43:52.298189,6.166546,-1.474749,4.641506,-5.902006
2025-04-20 22:43:53.306577,4.194706,-2.243172,5.033512,-7.652863
2025-04-20 22:43:54.312490,3.658165,-3.704956,4.862854,-4.42687
2025-04-20 22:43:55.342734,2.891888,-3.933666,3.471226,-5.261032
2025-04-20 22:43:56.358635,3.770611,-3.457647,4.736893,-6.297543
2025-04-20 22:43:57.368531,4.862942,-3.078121,3.793411,-4.559231
2025-04-20 22:43:58.409033,3.425255,-3.36171,4.609871,-6.078566
2025-04-20 22:43:59.399303,4.441505,-3.039907,4.756721,-5.179585
2025-04-20 22:44:00.420432,3.573185,-2.963026,5.484615,-6.588852
2025-04-20 22:44:01.433675,4.191673,-3.652185,4.928715,-6.328218
2025-04-20 22:44:02.446462,4.563377,-3.273285,5.331097,-5.532278
2025-04-20 22:44:03.494703,3.465813,-3.428488,5.048851,-6.191566
2025-04-20 22:44:04.499343,3.627899,-2.253119,5.541107,-6.257109
2025-04-20 22:44:05.507082,1.303484,-3.330402,4.998169,-5.603947
2025-04-20 22:44:06.513915,1.35623,-3.237106,5.969006,-6.000618
2025-04-20 22:44:07.570873,2.061012,-4.801214,6.494953,-25.229458
2025-04-20 22:44:08.583138,0.49321,-3.832338,6.581581,-6.984877
2025-04-20 22:44:09.613278,3.639477,-4.542164,5.204433,-4.664135
2025-04-20 22:44:10.611767,0.793011,-2.782339,6.763325,-7.106691
2025-04-20 22:44:11.659903,0.648376,-4.510712,7.936176,-7.369566
2025-04-20 22:44:12.680870,-0.346794,-2.129829,7.600479,-5.630989
2025-04-20 22:44:13.694857,2.837376,-3.856838,6.835445,-7.083033
2025-04-20 22:44:14.721778,0.904982,-4.901453,6.379177,-6.998993
2025-04-20 22:44:15.755047,0.911142,-5.095335,8.026989,-6.431692
2025-04-20 22:44:16.795707,0.119324,-4.294064,7.629467,-6.8589
2025-04-20 22:44:17.788183,0.209124,-5.851345,8.100971,-6.201309
2025-04-20 22:44:18.845132,1.398962,-3.991646,7.377651,-5.768173
2025-04-20 22:44:19.844963,0.17135,-4.172388,7.656487,-6.865925
2025-04-20 22:44:20.875703,0.950855,-3.787434,7.308739,-6.744997
2025-04-20 22:44:21.921926,0.170218,-6.183363,8.104538,-6.733738
2025-04-20 22:44:22.956177,2.119724,-3.257277,4.644627,-6.24028
2025-04-20 22:44:24.029029,0.124941,-4.759914,8.563908,-5.938631
2025-04-20 22:44:25.016938,-0.748447,-5.12269,8.829323,-6.216749
2025-04-20 22:44:26.012704,0.171383,-6.182892,8.792614,-12.067299
2025-04-20 22:44:27.048036,0.007629,-5.103779,9.189922,-6.430666
2025-04-20 22:44:28.057047,0.619751,-5.353434,-11.20344,-6.345406
2025-04-20 22:44:29.069977,0.480001,-5.117474,7.855785,-7.735548
2025-04-20 22:44:30.093924,0.631893,-5.121679,9.099354,-5.878443
2025-04-20 22:44:31.154759,1.26939,-3.511995,7.308548,-6.225615
2025-04-20 22:44:32.142843,-0.192272,-4.866903,8.813038,-8.11948
2025-04-20 22:44:33.201346,0.520573,-6.344612,7.96862,-5.958515
2025-04-20 22:44:34.185181,0.337025,-21.513161,8.687012,-6.863314
2025-04-20 22:44:35.197729,-1.238926,-4.731863,8.049706,-6.042294
2025-04-20 22:44:36.209860,-0.294544,-4.863541,10.083412,-5.596077
2025-04-20 22:44:37.274428,0.826128,-5.239532,7.903221,-6.775673
2025-04-20 22:44:38.289873,0.510748,-5.600224,6.831032,-5.07967
2025-04-20 22:44:39.296958,-0.317589,-4.651699,8.572426,-7.264549
2025-04-20 22:44:40.359198,0.327574,-5.034519,9.242725,-6.994184
2025-04-20 22:44:41.452975,-0.381702,-4.815683,7.768799,-6.581511
2025-04-20 22:44:42.394975,1.376884,-5.220005,8.558865,-6.790079
2025-04-20 22:44:43.407618,1.072582,-6.041084,8.309757,-7.061874
2025-04-20 22:44:44.414618,-0.402082,-5.94322,9.427509,-7.770283
2025-04-20 22:44:45.432713,0.50354,-6.33016,9.095451,-8.191925
2025-04-20 22:44:46.459424,0.012869,-5.719746,7.505699,-8.124756
2025-04-20 22:44:47.457915,-0.472672,-4.042309,10.128384,-6.798487
2025-04-20 22:44:48.538784,-1.087667,-6.64102,10.199825,-7.653904
2025-04-20 22:44:49.631620,0.316553,-4.96736,8.977116,-7.383125
2025-04-20 22:44:50.546380,-1.12438,-5.32229,9.507935,-7.557238
2025-04-20 22:44:51.584504,1.913776,-5.297544,8.635975,-6.777876
2025-04-20 22:44:52.603038,0.886709,-4.365931,8.449818,-6.271982
2025-04-20 22:44:53.622903,-0.477127,-4.193989,8.086128,-6.578199
2025-04-20 22:44:54.601134,-1.976311,-4.308762,6.319592,-6.359383
2025-04-20 22:44:55.711953,2.736263,-4.333576,8.089798,-7.485308
2025-04-20 22:44:56.676934,3.638786,-4.441027,7.496925,-6.981451
2025-04-20 22:44:57.697852,2.496754,-6.289364,8.034885,-7.871071
2025-04-20 22:44:58.694658,1.439562,-4.212824,8.113602,-5.632154
2025-04-20 22:44:59.720549,1.877661,-3.714424,6.359993,-5.509762
2025-04-20 22:45:00.714135,1.835951,-4.210796,8.51054,-5.030285
2025-04-20 22:45:01.746348,1.876766,-3.306477,9.287262,-6.294226
2025-04-20 22:45:02.758058,1.14646,-4.486212,3.29961,-6.333765
2025-04-20 22:45:03.774465,1.498741,-2.276329,7.245777,-5.515734
2025-04-20 22:45:04.794595,1.865128,-5.544273,6.960243,-7.245329
2025-04-20 22:45:05.816239,1.443348,-3.771191,7.566319,-4.664124
2025-04-20 22:45:06.899606,3.099884,-2.883215,7.296108,-5.25828
2025-04-20 22:45:07.969166,2.673496,-4.284676,7.571045,-5.876244
2025-04-20 22:45:08.926361,3.504852,-5.213634,7.697758,-5.948217
2025-04-20 22:45:09.934824,2.988129,-3.501875,6.935669,-5.353268
2025-04-20 22:45:10.912271,4.349396,-2.376171,5.7164,-7.744953
2025-04-20 22:45:11.960385,5.033649,-4.201418,6.042542,-4.461866
2025-04-20 22:45:13.009172,4.786846,-3.393848,6.400463,-7.033623
2025-04-20 22:45:13.967509,4.960442,-2.995333,0.832226,-5.060301
2025-04-20 22:45:14.982434,4.378838,-4.453751,2.745594,-5.676821
2025-04-20 22:45:16.069140,3.706802,-2.569721,3.092037,-5.018435
2025-04-20 22:45:17.022438,5.833607,-2.706423,5.518513,-5.441959
2025-04-20 22:45:18.070301,5.812225,-3.143011,4.628452,-6.403006
2025-04-20 22:45:19.061877,5.449104,-3.368011,5.841747,-4.00868
2025-04-20 22:45:20.152442,5.062759,-4.016853,4.146908,-4.89595
2025-04-20 22:45:21.146598,6.912231,-3.08395,4.51709,-4.808578
2025-04-20 22:45:22.142868,6.145618,-1.359505,4.424484,-7.763292
2025-04-20 22:45:23.151830,5.898273,-2.770231,3.57671,-3.984201
2025-04-20 22:45:24.210760,7.153416,-3.597322,4.352154,-4.268461
2025-04-20 22:45:25.247925,7.137672,-1.554903,3.776531,-16.253033
2025-04-20 22:45:26.325895,8.163143,-1.178083,2.142632,-2.819849
2025-04-20 22:45:27.268642,7.717922,-1.972782,3.530849,-4.066658
2025-04-20 22:45:28.303929,7.225754,0.001013,3.106068,-4.049532
2025-04-20 22:45:29.266427,8.624668,-1.527637,3.637321,-2.343225
2025-04-20 22:45:30.363431,8.534466,-0.848585,4.208378,-2.753225
2025-04-20 22:45:31.304500,9.207016,-1.923866,2.693665,-4.660622
2025-04-20 22:45:32.321974,10.012138,-2.611389,2.881618,-3.284771
2025-04-20 22:45:33.329742,8.924229,-1.545837,3.042305,-4.066095
2025-04-20 22:45:34.358065,10.926182,-1.809078,1.192898,-2.665289
2025-04-20 22:45:35.381055,11.94751,0.009504,2.112,-2.47455
2025-04-20 22:45:36.393257,12.552273,-1.273525,2.538486,-3.748358
2025-04-20 22:45:37.407460,14.003124,-0.377878,1.140572,-3.694391
2025-04-20 22:45:38.485162,12.104305,-1.686975,1.104996,-2.851082
2025-04-20 22:45:39.423654,13.095047,-0.995033,1.906519,-2.203581
2025-04-20 22:45:40.449948,13.642727,-0.483482,0.118206,-3.685171
2025-04-20 22:45:41.446826,14.203926,-1.412218,1.102011,-1.178333
2025-04-20 22:45:42.535426,13.884869,-1.086042,1.444353,-7.46026
2025-04-20 22:45:43.530173,16.427391,0.49379,0.651285,-3.536814
2025-04-20 22:45:44.580632,16.372715,0.912035,2.018383,-1.595356
2025-04-20 22:45:45.594964,17.070248,-0.301956,1.049442,-3.542208
2025-04-20 22:45:46.629046,15.609058,1.183167,1.931656,-3.464334
2025-04-20 22:45:47.679541,18.66888,-0.17417,-3.477684,-5.057358
2025-04-20 22:45:48.648684,19.83633,-2.360958,0.849823,-3.370838
2025-04-20 22:45:49.669475,17.84201,1.508379,-1.493156,-1.633888
2025-04-20 22:45:50.669828,18.119984,0.928699,-0.328764,-2.278812
2025-04-20 22:45:51.675631,19.788601,1.216198,0.750854,-3.141619
2025-04-20 22:45:52.739354,19.218204,0.363586,-0.452194,-1.77334
2025-04-20 22:45:53.743032,19.542271,0.158913,-1.175695,-3.436613
2025-04-20 22:45:54.821819,15.736595,0.282249,-0.787483,-1.304815
2025-04-20 22:45:55.837284,18.135948,0.891399,0.336683,-1.438065
2025-04-20 22:45:56.854271,18.368713,0.658068,-0.629225,-1.624609
2025-04-20 22:45:57.900505,19.730488,1.688807,1.210743,-2.893724
2025-04-20 22:45:58.918793,18.522289,0.516867,0.900766,-2.887787
2025-04-20 22:45:59.931059,20.15239,-0.42461,-0.030981,-2.065653
2025-04-20 22:46:00.953707,20.673779,0.229,-0.329035,-1.975855
2025-04-20 22:46:01.990512,20.033772,1.799505,0.385138,-1.218086
2025-04-20 22:46:02.990996,19.457123,2.890511,2.727745,-1.655067
2025-04-20 22:46:03.998313,20.520702,1.797272,0.214451,-1.825653
2025-04-20 22:46:05.024590,21.340889,-1.041344,1.025896,-1.739038
2025-04-20 22:46:06.069815,18.723053,0.183073,-2.814926,-1.744677
2025-04-20 22:46:07.029707,20.146496,1.189169,0.448187,-1.804609
2025-04-20 22:46:08.082176,20.321533,0.223349,-1.37356,-2.881756
2025-04-20 22:46:09.070967,19.016388,-0.66333,1.386999,-1.282387
2025-04-20 22:46:10.125579,18.663403,-0.28182,-0.21023,-0.883707
2025-04-20 22:46:11.100113,18.903893,-13.868784,-0.42412,-3.168495
2025-04-20 22:46:12.162167,20.087948,1.353638,0.039146,-0.70092
2025-04-20 22:46:13.154299,21.624729,-1.595913,-0.197302,-2.736835
2025-04-20 22:46:14.193334,20.967621,0.894945,1.010433,-2.906507
2025-04-20 22:46:15.206965,18.537487,0.541883,0.032913,-2.117472
2025-04-20 22:46:16.242528,21.567493,-0.869026,-0.495115,-1.827492
2025-04-20 22:46:17.309936,20.656609,1.50893,-0.193243,-2.014107
2025-04-20 22:46:18.336970,21.402649,-0.01186,0.819273,-1.208702
2025-04-20 22:46:19.353753,18.533432,0.056538,2.44265,-1.985754
2025-04-20 22:46:20.434216,19.204636,-1.071033,0.540619,-3.070566
2025-04-20 22:46:21.421144,19.718197,-0.138968,-0.490103,-2.738949
2025-04-20 22:46:22.442978,20.009369,0.60368,-1.557119,-3.017099
2025-04-20 22:46:23.439965,20.228264,0.014454,-0.685047,-2.366127
2025-04-20 22:46:24.554901,18.91851,0.326948,1.131393,-3.231956
2025-04-20 22:46:25.564119,19.744999,-0.76009,0.890705,-2.595337
2025-04-20 22:46:26.573962,19.994869,0.953039,0.540266,-1.661701
2025-04-20 22:46:27.600444,20.216499,-0.670206,-1.755489,-2.197151
2025-04-20 22:46:28.645247,20.13858,-0.298811,-1.351999,-2.194794
2025-04-20 22:46:29.671660,20.715591,0.886076,1.319683,-2.016085
2025-04-20 22:46:30.684845,20.203896,-0.750273,0.290461,-1.407066
2025-04-20 22:46:31.696138,20.054996,-0.181076,-1.269281,-2.057211
2025-04-20 22:46:32.702574,19.511887,-0.008726,1.342041,-2.094765
2025-04-20 22:46:33.761168,18.920582,2.396904,-0.537374,-3.033369
