time,snr_lw1,snr_lw2,snr_lw3,snr_lw4,num,Longitude,Latitude,Altitude,Pitch,Yaw,Roll,VelocityX,VelocityY,VelocityZ,BatteryVolts,GPSFix,NumberOfSatellites
2025-04-20 22:39:46.940,20.785908,0.251158,2.200996,-1.853344,28.7898419028742,-78.696275,35.7271225,24.8807177894946,0.00353585112929892,0.00231600002932759,0.00416359623718127,-0.01,0.02,-0.328196439246728,12.587,6,10
2025-04-20 22:39:47.940,18.618828,-0.153267,0.883062,-2.217747,29.7871315834911,-78.696275,35.7271225,24.9766187630807,0.00329743062531154,0.00250977425853443,0.00361949499451837,-0.017871315834911,0.02,-0.0110884199621352,12.587,6,10
2025-04-20 22:39:48.927,20.584835,0.539923,1.065952,-3.634647,30.7722358234368,-78.696275,35.7271225,24.955238576061,0.00335012526320617,0.00253941714024293,0.00345631444440778,-0.02,0.02,-0.0217788658749462,12.587,6,10
2025-04-20 22:39:49.892,19.612209,0.426538,0.590597,-3.947479,31.7354758221468,-78.696275,35.7271225,24.9522064274664,0.00339744665042165,0.00246869580725579,0.00332963189240616,-0.02,0.02,-0.04,12.587,6,10
2025-04-20 22:39:50.895,19.894054,1.568878,0.23958,-2.082146,32.7367707421204,-78.696275,35.7271225736771,24.9581573951948,0.00374198884335165,0.0242025169346349,0.00322936965446,-0.02,0.02,-0.04,12.587,6,10
2025-04-20 22:39:51.934,19.582317,1.822599,0.580318,-2.464426,33.7751584000224,-78.6962749224842,35.7271228325475,24.9631006336001,-0.151926720889161,0.32577584326647,-0.0271185132345894,0.228050688007162,0.0742610880015666,-0.0167452479993286,12.587,6,10
2025-04-20 22:39:52.900,20.316166,-0.100372,1.464115,-3.041719,34.7395271538947,-78.6962721637495,35.7271331054747,24.9632604728461,-0.300854908096975,0.271103734557458,-0.00816898517791914,2.1340273416589,0.489344663103148,-0.0247905430778944,12.587,6,10
2025-04-20 22:39:53.907,18.208958,0.751837,-0.516167,-3.070143,35.7461666799872,-78.6962638129499,35.7271629650671,24.9697155001199,-0.413392053863131,0.23020678170572,-0.00815951656235799,4.50364503077048,1.00308333999361,-0.0225383332001278,12.587,6,10
2025-04-20 22:39:54.917,22.589905,-2.236912,0.974113,-2.396023,36.7554101560157,-78.6962498933067,35.7272144295918,24.973510820312,-0.534447799262861,0.295482536710177,-0.0398810833787988,6.89543027287745,1.47748867176721,-0.0124458984398433,12.587,6,10
2025-04-20 22:39:55.961,17.400871,0.092609,0.702593,-0.762566,37.7988475536999,-78.6962309420117,35.7272857969086,24.9875804084129,-0.404543030847987,0.246660838737169,-0.00862797744991979,7.87143530131295,1.69385018198099,-0.0179884755369989,12.587,6,10
2025-04-20 22:39:56.898,22.934566,1.389101,-0.506651,-0.356503,38.7353718074926,-78.6962135691587,35.7273513348034,24.9902646281925,-0.294763226315688,0.262549884362303,-0.00375596805329548,7.41847114438053,1.60234051080118,-0.00529256385014747,12.587,6,10
2025-04-20 22:39:57.894,23.529118,-0.652925,1.072977,-2.281677,39.7314763715763,-78.696196996378,35.727414246911,24.99,-0.176786700676291,0.27035822593373,0.00420123004153443,6.34954311782419,1.39176043453745,0,12.587,6,10
2025-04-20 22:39:58.937,25.336987,-0.788633,0.048098,-2.176949,40.7732433031834,-78.6961827251614,35.7274678703272,24.9892267566968,-0.052092000525514,0.257822343570714,0.00836188090728414,4.86240261219305,1.09802700904498,0,12.587,6,10
2025-04-20 22:39:59.904,27.755318,0.108143,0.250965,-0.331776,41.7396691985348,-78.6961728471095,35.727503726852,24.9912190075956,0.0521148240632248,0.266895639981579,0.00828682637114918,3.2921491304322,0.763719088527466,0,12.587,6,10
2025-04-20 22:40:00.901,27.842102,1.39879,1.379072,-0.929335,42.7360457924811,-78.696166719771,35.7275255280105,24.9949441831699,0.133522343327365,0.265662222956543,0.00792675697305014,1.49831528391,0.353500309233134,0,12.587,6,10
2025-04-20 22:40:01.960,26.776119,0.749531,0.2253,-2.675264,43.7932251714072,-78.6961646860973,35.727532658998,24.996,0.0763881025373966,0.263571289758496,0.00453741126001502,0.137452311452034,0.0416937071481894,0,12.587,6,10
2025-04-20 22:40:02.902,29.241928,-0.136541,-0.292847,-1.323286,44.7328117983975,-78.6961649396871,35.727531687814,24.9938015646048,0.01521286707378,0.265151002351476,0.00213820430354834,-0.207249887743599,-0.0393124719358997,0,12.587,6,10
2025-04-20 22:40:03.902,26.561794,-0.591175,1.067322,-1.775871,45.7307275546429,-78.6961656115093,35.7275294923994,24.9951921826639,-0.00698929435834892,0.26403237165481,0.00220752708902062,-0.176927244535705,-0.0280781733607116,0,12.587,6,10
2025-04-20 22:40:04.898,26.95715,0.123087,-1.132856,-2.596001,46.7260104316813,-78.6961660904042,35.7275280287875,24.9974520208634,-0.00601547080922596,0.509514977945457,0.0017074606934166,-0.0846590611486842,-0.00547979136637427,0,12.587,6,10
2025-04-20 22:40:05.940,28.606537,-0.162134,-0.647205,-3.879547,47.7674079948383,-78.6961663534816,35.7275273930368,24.9995348159897,-0.00268683050852238,1.71760132987366,0.000409329246291538,-0.0369777601548507,0.00767407994838311,0,12.587,6,10
2025-04-20 22:40:06.900,28.359734,1.265675,-0.252649,-2.263149,48.7262468747532,-78.6961664,35.7275271547506,25.0014524937495,-0.00218850815028108,2.1526739392897,0.00121247320111974,-0.03,0.01,0,12.587,6,10
2025-04-20 22:40:07.921,27.659397,-19.591923,0.368799,-2.42671,49.7468829861767,-78.6961664746883,35.7275270253117,25.0012531170138,-0.00230394366630723,1.74675727367398,0.0024295093042022,-0.03,0.01,0,12.587,6,10
2025-04-20 22:40:08.892,26.92062,1.821363,0.305023,-2.460209,50.7178897615125,-78.6961665,35.727526856422,25.0002821102385,-0.00167507645826451,2.46120604291664,0.00152522304508049,-0.03,0.01,0,12.587,6,10
2025-04-20 22:40:09.913,27.265591,-2.425289,-5.418518,-3.114733,51.7374524777481,-78.6961664262547,35.7275267262548,24.9992625475223,-0.0018055541003951,-0.907617117157205,0.000666361751940918,-0.0226254752225195,0.00262547522251946,0,12.587,6,10
2025-04-20 22:40:10.898,27.495346,0.219055,-0.665699,-2.099981,52.721867881549,-78.6961663278132,35.7275267,24.999,-0.00155629810679848,-1.84153744946308,-0.000140087951755929,-0.02,0,0,12.587,6,10
2025-04-20 22:40:11.903,28.099102,2.217442,-0.292063,-0.799526,53.7254007502985,-78.6961663,35.7275266274599,25.0004508015006,-0.00050515305710452,-1.25802597880761,-7.08111363704601e-05,-0.02,0,0,12.587,6,10
2025-04-20 22:40:12.910,28.416473,1.457436,-0.911484,-1.802633,54.7315702406688,-78.6961663,35.7275266,25.001,-0.000137356764952938,-0.438923397234753,-0.000116605203428887,-0.0126842975933125,0,0,12.587,6,10
2025-04-20 22:40:13.893,27.326626,1.100079,0.223854,-1.7274,55.7132229589391,-78.6961663,35.7275266,25.001,-8.47204172558203e-05,0.355375025205772,0.000287980777096389,-0.01,0,0,12.587,6,10
2025-04-20 22:40:14.901,29.182503,0.18228,0.39801,-1.766182,56.718953765705,-78.6961663,35.7275265281046,25.001,-0.000612508047169761,0.14384161962615,0.000495662854361441,-0.01,0,0,12.587,6,10
2025-04-20 22:40:15.910,28.199081,1.745399,0.004475,-1.075281,57.7262172082802,-78.6961663,35.7275265,25.001,-0.000941345635688318,-0.0290696887540301,0.000295433992368323,-0.00273782791719807,0,0,12.587,6,10
2025-04-20 22:40:16.929,28.100803,-0.532282,0.299862,-0.716797,58.7438522216675,-78.6961663,35.7275265,25.001,-4.70656294883016e-05,0.151709393472043,0.000815513075694994,0,0,0,12.587,6,10
2025-04-20 22:40:17.948,29.251461,0.224487,-0.961805,-2.009541,59.76088518537,-78.6961663760885,35.7275265760885,25.001,0.00159119336690945,0.0639453167007219,0.00139536315245508,-0.00760885185369985,0,0,12.587,6,10
2025-04-20 22:40:18.917,28.434116,-0.210405,0.660593,-1.744778,60.7284719021822,-78.6961664728472,35.7275266,25.001,0.00179085961581514,-0.040268660147566,0.00173083342655685,-0.0172847190218223,0,0,12.587,6,10
2025-04-20 22:40:19.915,28.786789,1.488108,0.352682,-6.2705,61.7262437920362,-78.6961665726244,35.7275266,25.001,0.00185872388860119,-0.683102043639924,0.000554155420182794,-0.02,0.00726243792036224,0,12.587,6,10
2025-04-20 22:40:20.925,26.926796,2.346981,-2.301203,-1.529966,62.7356242804145,-78.6961666735624,35.7275266735624,25.001,0.00226372698449844,-0.762453097815293,0.000893537130513609,-0.02,0.0173562428041449,0,12.587,6,10
2025-04-20 22:40:21.925,28.365746,0.65719,-0.235262,-2.265169,63.7354735630438,-78.6961674354736,35.7275276561156,25.000264526437,-0.217421739435269,-0.529483957876773,-0.0116475664119397,0.561024114804621,-0.310963103369721,0,12.587,6,10
2025-04-20 22:40:22.924,28.401867,-0.506964,1.023855,-2.443186,64.7337488459832,-78.6961766517359,35.7275404003555,25.000733748846,-0.334428489055406,-0.664571714769084,0.048751977652352,2.36957248424341,-1.34718605747902,0,12.587,6,10
2025-04-20 22:40:23.918,27.289822,0.562206,1.728046,-1.209965,65.72592695434,-78.6961982659519,35.7275706704069,25.0002740730457,-0.439257615664094,-0.640331245659005,0.0419886654338737,4.45266879548374,-2.55111234520797,0,12.587,6,10
2025-04-20 22:40:24.929,26.261238,1.269205,-1.171194,-0.771368,66.736392077578,-78.6962332565382,35.7276195760585,24.9985272158448,-0.436854607003013,-0.612647170274407,0.0312219230868206,6.1172241955913,-3.51329718671712,-0.00736392077578051,12.587,6,10
2025-04-20 22:40:25.913,20.048378,0.921547,-1.711451,0.177277,67.7199789680342,-78.6962745470872,35.7276775907149,24.9922401682557,-0.418530239317958,-0.650302483642748,0.0345847880002598,6.79079179753334,-3.88399579360684,-0.00280021031965783,12.587,6,10
2025-04-20 22:40:26.922,23.893433,2.05999,-1.253675,-0.510021,68.7277134629489,-78.6963195926485,35.7277408370336,24.9885445730741,-0.4102899332712,-0.623549620763215,0.0211847302124197,6.99460275018335,-4.04187988481284,-0.00727713462948864,12.587,6,10
2025-04-20 22:40:27.955,21.45454,1.192806,-0.209326,-1.071449,69.7605117367982,-78.6963666553864,35.7278063924953,24.9910420469472,-0.4087583592198,-0.632910021257973,0.0266626292955615,7.05281535210395,-4.09521023473596,-0.00239488263201765,12.587,6,10
2025-04-20 22:40:28.917,19.744987,1.826601,-0.134138,-1.631445,70.7220338440869,-78.6964105247433,35.7278675213525,24.9927220338441,-0.398469550815186,-0.635208657030516,0.0260322362152112,7.04555932311826,-4.08555932311826,0,12.587,6,10
2025-04-20 22:40:29.922,19.399921,2.263008,0.463856,-0.238258,71.7263116781409,-78.6964561745502,35.7279311028981,24.9937263116781,-0.394612866754932,-0.628236366701308,0.0244064220323715,6.98189506574873,-4.05094753287436,0,12.587,6,10
2025-04-20 22:40:30.944,16.873089,1.542387,-1.016901,-0.359554,72.7473070013471,-78.6965020793537,35.7279951066876,24.994,-0.392284927172172,-0.633856748224605,0.0261667804310325,6.94505385997306,-4.02505385997306,0,12.587,6,10
2025-04-20 22:40:31.918,16.197262,1.434782,0.858913,-1.448071,73.7197919550488,-78.6965455747004,35.728055815018,24.994,-0.393925463149399,-0.630922536351656,0.0252072549104396,6.91840624134853,-4.01280208044951,0,12.587,6,10
2025-04-20 22:40:32.936,17.148262,1.52478,-0.959242,-0.94059,74.7382616084371,-78.6965909526416,35.7281191460459,24.994,-0.392478012603674,-0.630035811450854,0.0252087333662893,6.91738261608437,-4.01,0,12.587,6,10
2025-04-20 22:40:33.917,14.379372,2.413971,-0.404032,0.040159,75.7180256940092,-78.6966345521434,35.7281799893956,24.992563948612,-0.396202229514241,-0.632097196577955,0.0261971853899032,6.91281974305991,-4.00281974305991,0,12.587,6,10
2025-04-20 22:40:34.917,12.769737,2.597015,-0.332975,-0.810917,76.7174164163175,-78.6966788815473,35.7282419798178,24.992,-0.397328224354204,-0.631253644178426,0.0265036795350166,6.93152249248952,-4.00717416416317,0,12.587,6,10
2025-04-20 22:40:35.925,13.844639,2.042759,-1.26371,1.18799,77.7241462368858,-78.6967237693368,35.7283046867252,24.9934482924738,-0.395561122922322,-0.632105451222524,0.0267622725816383,6.92551707526228,-4.00275853763114,0,12.587,6,10
2025-04-20 22:40:36.928,13.871796,0.160727,-6.242952,-0.329285,78.7266982417181,-78.6967684380718,35.7283670279608,24.994,-0.39339374784783,-0.631896480868651,0.0263987271478016,6.92,-4.00726698241718,0,12.587,6,10
2025-04-20 22:40:37.989,11.57856,1.297142,-0.823704,-1.386082,79.7870801271253,-78.6968157037737,35.7284331137999,24.9947870801271,-0.395033979144695,-0.630348916779549,0.026360382331475,6.89638759618624,-3.99425839745749,0,12.587,6,10
2025-04-20 22:40:38.936,12.956429,1.863594,-1.59136,-1.063356,80.733639351468,-78.6968577002233,35.7284917389119,24.9942663606485,-0.396067706354622,-0.631325512695754,0.0272249321425279,6.91200918054404,-3.99733639351468,0,12.587,6,10
2025-04-20 22:40:39.919,10.792461,1.308435,-1.468388,0.942955,81.7158655627704,-78.6969014276041,35.7285527984246,24.9947158655628,-0.394641506722492,-0.631247466921957,0.0265690508998727,6.90568268874459,-3.9928413443723,0,12.587,6,10
2025-04-20 22:40:40.967,10.538445,1.419905,-0.810972,0.298595,82.7632258483747,-78.6969479872277,35.7286178200026,24.9942367741516,-0.394474237586518,-0.631245231025159,0.02651754345264,6.90763225848375,-3.99763225848375,0,12.587,6,10
2025-04-20 22:40:41.947,10.006477,1.192249,-1.62916,0.178862,83.7417314301452,-78.6969915812218,35.7286787098681,24.994,-0.39278585394011,-0.631104101868254,0.0266994075911169,6.90258268569855,-3.99258268569855,0,12.587,6,10
2025-04-20 22:40:42.944,10.255016,2.315987,-2.319315,-0.649929,84.7376278051155,-78.6970358506745,35.7287405329239,24.994,-0.395861620499728,-0.63117457576925,0.0271018296998246,6.90737627805115,-3.99737627805115,0,12.587,6,10
2025-04-20 22:40:43.949,10.457947,3.976646,-11.435173,-0.555792,85.7418714928871,-78.6970805874686,35.728803018594,24.9947418714929,-0.393334727353494,-0.63110237645461,0.0270348989995965,6.89516257014226,-3.99258128507113,0,12.587,6,10
2025-04-20 22:40:44.927,8.52808,1.571611,-2.018957,0.63456,86.7188301226829,-78.6971240160574,35.7288636674676,24.995,-0.395136541569693,-0.631177181453519,0.0272119055915995,6.90437660245366,-3.99718830122683,0,12.587,6,10
2025-04-20 22:40:45.935,8.143604,2.911793,-3.064135,-1.65242,87.7255820088373,-78.6971687883994,35.7289262312009,24.995,-0.393028831710714,-0.631341225701697,0.0267653000129328,6.91,-4,0,12.587,6,10
2025-04-20 22:40:46.935,8.928505,3.193436,-2.03653,1.194931,88.7247644273569,-78.6972133244935,35.7289883803474,24.995,-0.392814041869593,-0.631222482975467,0.0270763184134271,6.90275235572643,-3.99275235572643,0,12.587,6,10
2025-04-20 22:40:47.977,8.216656,2.811829,-4.903889,1.074005,89.766250679652,-78.6972596981552,35.7290531607923,24.995,-0.391265818836934,-0.63105758449253,0.0269254516759325,6.88467498640696,-3.99,0,12.587,6,10
2025-04-20 22:40:48.925,9.647373,3.319126,-2.128857,0.962826,90.71383250316,-78.6973016513966,35.7291117434654,24.995,-0.397151447976452,-0.63101157198065,0.0278295178325338,6.9014149750948,-3.9971383250316,0,12.587,6,10
2025-04-20 22:40:49.955,7.035313,3.288185,-3.813616,1.577951,91.7420430024853,-78.6973473951179,35.7291756292791,24.9957420430025,-0.393860258858926,-0.631009729260995,0.0272975581942694,6.91742043002485,-4,0,12.587,6,10
2025-04-20 22:40:51.007,7.437679,2.268002,-3.884857,1.077728,92.7937215384169,-78.6973942999806,35.7292411488518,24.996,-0.394188882158586,-0.631183429589445,0.0278562577902086,6.91206278461583,-3.99206278461583,0,12.587,6,10
2025-04-20 22:40:51.930,7.185154,4.29287,-1.807957,0.724241,93.7155511132212,-78.6974353420245,35.7292985072792,24.9967155511132,-0.392199773148692,-0.630940789046765,0.0271942098261109,6.90284448886779,-3.99,0,12.587,6,10
2025-04-20 22:40:52.929,7.689922,1.738165,-3.395048,1.162424,94.7147094092254,-78.6974798045687,35.7293605834543,24.997,-0.393194274194178,-0.630971543242276,0.0272154228349178,6.89285290590775,-3.99,0,12.587,6,10
2025-04-20 22:40:53.926,6.762348,4.92152,-4.179493,2.138824,95.710297601266,-78.6975241082432,35.7294224805108,24.9962897023987,-0.389576397592281,-0.63117417737834,0.0270245298405055,6.89710297601266,-3.99,0,12.587,6,10
2025-04-20 22:40:54.940,6.587357,2.119606,-2.824816,1.797949,96.7239269014877,-78.6975690699617,35.7294853110752,24.9952760730985,-0.394615578496228,-0.631315069754846,0.0278298387279726,6.9,-3.99,0,12.587,6,10
2025-04-20 22:40:55.932,4.975822,3.559402,-3.332602,1.53422,97.7146298836976,-78.6976130295668,35.7295467070528,24.9957146298837,-0.394652979413906,-0.631248869982718,0.02802999383084,6.91429259767395,-3.99714629883698,0,12.587,6,10
2025-04-20 22:40:56.932,5.037224,3.17691,-3.371302,3.145393,98.7135773414299,-78.6976575969072,35.7296089272261,24.9974271546829,-0.394146278771508,-0.63132234044886,0.0277388486606546,6.9128642265857,-4,0,12.587,6,10
2025-04-20 22:40:57.949,4.12883,3.651958,-3.009842,2.397949,99.7306969001665,-78.697702916012,35.7296722493472,24.9972693030998,-0.39068457713793,-0.631200855037979,0.0271914214727271,6.91,-4,0,12.587,6,10
2025-04-20 22:40:58.942,4.300228,2.766827,-2.892275,4.356865,100.72263085204,-78.6977470570729,35.7297338753759,24.9955547382959,-0.394072155215098,-0.631214273559451,0.0277726813876799,6.8955473829592,-3.9927736914796,0,12.587,6,10
2025-04-20 22:40:59.962,3.485069,2.939732,-1.841131,1.249027,101.74253675435,-78.6977922943782,35.7297970630251,24.995,-0.395600208815089,-0.63120368882192,0.028187013462487,6.91227610263049,-3.9974253675435,0,12.587,6,10
2025-04-20 22:41:00.993,5.131565,3.640648,-4.040539,4.373276,102.771981867576,-78.6978382075895,35.7298611716685,24.9957719818676,-0.394297860228014,-0.63086543488051,0.0279316188962789,6.91228018132424,-4,0,12.587,6,10
2025-04-20 22:41:01.935,4.778946,4.66972,-12.926468,3.121761,103.713565941427,-78.6978800823278,35.7299196410884,24.9974271318829,-0.392909432678904,-0.630498452823719,0.0275537093386052,6.91,-4,0,12.587,6,10
2025-04-20 22:41:02.942,4.224453,4.012787,-3.811504,4.494564,104.718631884938,-78.6979249228453,35.7299822426296,24.9965627362301,-0.39282006635222,-0.631408561186725,0.0280925525776964,6.88844104345186,-3.98562736230124,0,12.587,6,10
2025-04-20 22:41:03.953,3.631218,3.551281,-4.63061,3.074223,105.728652880334,-78.697969633592,35.7300447578827,24.9952713471197,-0.380738109904601,-0.63058987187427,0.0264143766469899,6.89457305760668,-3.98728652880334,0,12.587,6,10
2025-04-20 22:41:04.947,-13.818035,3.932747,-2.890015,4.401543,106.721859194558,-78.6980123512017,35.7301044506221,24.9978874367782,-0.276028465095538,-0.628543515735809,0.0155438476657689,6.36582419602694,-3.68681913828556,0,12.587,6,10
2025-04-20 22:41:05.946,3.605671,4.907078,-4.492292,3.972599,107.719829708853,-78.6980504018014,35.7301576393322,24.993961192038,-0.162602950171167,-0.627537722346199,0.00617632767329666,5.39698050861595,-3.13090387759974,0,12.587,6,10
2025-04-20 22:41:06.993,2.769844,3.939514,-4.744505,3.576431,108.766572658661,-78.6980829839216,35.7302030995072,24.989700282024,-0.0499204713253809,-0.627457788618044,-0.00185168233213226,4.14178417667376,-2.41573341235069,0,12.587,6,10
2025-04-20 22:41:07.955,3.351421,4.986656,-4.915009,-34.745758,109.727658698762,-78.6981048625351,35.7302335565705,24.9911829760963,0.0490662811417338,-0.627560495726007,-0.00771821824271443,2.83127782173313,-1.66059645400274,0,12.587,6,10
2025-04-20 22:41:08.958,2.306229,2.733746,-6.054506,5.074265,110.728664281836,-78.6981183695742,35.7302524028307,24.9941859928455,0.129590116630674,-0.628594277752916,-0.0130984621147199,1.28413714906256,-0.755055575074256,0,12.587,6,10
2025-04-20 22:41:09.990,3.628677,3.050575,-4.409821,3.601067,111.758487026884,-78.6981227411253,35.7302584720663,24.9965169740538,0.0793771157070879,-0.627634686267563,-0.00692935785519799,0.129437324460096,-0.0752472649448986,0,12.587,6,10
2025-04-20 22:41:11.015,1.395454,4.515854,-3.412476,3.806347,112.781330275504,-78.6981221061376,35.7302575373394,24.9946560091735,0.0128671743532247,-0.627853051689466,0.000460771541367967,-0.209386238570566,0.130319724795364,0,12.587,6,10
2025-04-20 22:41:11.961,1.592451,3.314461,-5.704231,4.163448,113.726331096487,-78.6981208557696,35.7302555020716,24.9961789932895,-0.00650806783672465,-0.628253515398831,0.00411171897499945,-0.160103579386393,0.113683445175633,0,12.587,6,10
2025-04-20 22:41:12.963,2.756794,3.642441,-3.695116,4.742683,114.726736303645,-78.6981199912846,35.7302541005901,24.9984534726073,-0.00691639473448654,-0.283685129997297,0.00341308662718786,-0.0645937326719318,0.0781979108906439,0,12.587,6,10
2025-04-20 22:41:13.953,3.722446,3.805817,-3.145313,4.076397,115.716929812724,-78.698119656614,35.7302535132281,25.0004338596254,-0.00449650846826754,0.899114511685035,9.76051020006862e-05,-0.0184921056182808,0.0628307018727603,0,12.587,6,10
2025-04-20 22:41:14.960,3.525345,1.842678,-3.254404,5.837532,116.723299719418,-78.6981193830101,35.73025332767,25.001,-0.0028983888733502,1.78462960461863,3.17318714275708e-05,-0.01,0.06,0,12.587,6,10
2025-04-20 22:41:15.950,3.703587,4.206512,-3.49235,5.398624,117.711864068206,-78.6981190864408,35.7302533,25.001,-0.00219653560114506,2.57079640330739,-4.95899047070747e-05,-0.01,0.0528813593179439,0,12.587,6,10
2025-04-20 22:41:17.008,3.438496,3.788548,-3.935272,3.636673,118.769022064996,-78.6981188461956,35.7302532230978,25.001,-0.00138827151006347,-1.50946561488788,-6.33139507812525e-05,-0.017690220649958,0.0346195587000841,0,12.587,6,10
2025-04-20 22:41:18.011,2.977989,2.587986,-5.303497,4.126827,119.77117436833,-78.6981186457651,35.7302530457651,25.001,-0.000871010034661018,-1.95020636381159,-0.000224518832577089,-0.02,0.014576512633394,0,12.587,6,10
2025-04-20 22:41:19.039,4.201206,3.075371,-7.120373,5.031761,120.799066499192,-78.6981185200934,35.7302529200933,25.0017990664992,-0.000950815226892654,-1.89430168066235,0.000612564556296387,-0.012009335008079,0.00200933500807898,0,12.587,6,10
2025-04-20 22:41:20.050,3.935284,1.755625,-5.408619,4.364483,121.808680313476,-78.698118419132,35.730252819132,25.003617360627,-0.000245413823167654,-2.10265520185094,0.0012197327656457,-0.00191319686524246,0,0,12.587,6,10
2025-04-20 22:41:21.083,3.577385,2.576958,-4.420641,6.2486,122.840481465824,-78.6981184,35.7302528,25.004,-0.00101638779443445,-0.917502855228232,0.000918233757641445,0,0,0,12.587,6,10
2025-04-20 22:41:22.101,3.958618,3.448418,-3.853182,5.535728,123.857699958935,-78.6981184,35.73025271423,25.004,-0.00120102953486757,-0.109575027737593,0.000452075640522956,0.00857699958934621,0,0,12.587,6,10
2025-04-20 22:41:23.176,2.669411,3.34663,-4.135902,4.646729,124.931567690576,-78.6981184,35.7302527,25.0030684323094,-0.000758136647987387,-0.776515247413714,0.000930171192956108,0.01,0,0,12.587,6,10
2025-04-20 22:41:24.197,2.822773,3.342178,-4.119427,3.487598,125.951201497193,-78.6981184,35.7302527,25.0020487985028,-0.000183971563251517,-0.638744544000679,0.0012589260693564,0.01,0,0,12.587,6,10
2025-04-20 22:41:25.197,2.695599,1.4846,-5.077778,3.696915,126.94917954405,-78.6981185898359,35.7302527,25.002949179544,0.000298866868033155,-0.429464219842516,0.00253924144584578,0.01,0.00949179544050284,0,12.587,6,10
2025-04-20 22:41:26.203,1.190943,3.544582,-5.808842,6.155643,127.95333762353,-78.6981186953338,35.7302527,25.0039533376235,0.000909421450530403,-0.645813763359972,0.00226974050392619,0.000466623764697667,0.0195333762353023,0,12.587,6,10
2025-04-20 22:41:27.221,1.547747,2.862186,-4.19952,4.325428,128.969818141871,-78.6981187,35.7302527,25.004,0.00115023492973487,-0.538436607104577,0.00183214253605103,0,0.02,0,12.587,6,10
2025-04-20 22:41:28.227,2.48909,3.190842,-4.848843,5.06115,129.974841874777,-78.6981187,35.7302527974842,25.0020503162504,0.00162866175666798,-0.566225264479359,0.0017516204749792,0,0.02,0,12.587,6,10
2025-04-20 22:41:29.293,2.407894,3.124271,-3.780357,5.093063,131.03975032359,-78.698118803975,35.7302528920499,25.0019602496764,-0.00467930789435906,-1.70181723010392,0.0011704371018493,-0.0107325873692494,0.0244349546974262,0,12.587,6,10
2025-04-20 22:41:30.280,3.012978,3.082409,-4.169825,3.419003,132.026569131293,-78.6981191258376,35.7302523864843,25.001,-0.182522346640735,-2.96410517975276,0.0626450553310428,-0.327655014906042,-0.144274179368108,0,12.587,6,10
2025-04-20 22:41:31.321,3.53688,4.712193,-4.836403,3.889153,133.06611003477,-78.6981288610318,35.7302388439779,25.0010661100348,-0.342940225313067,-2.67550138232201,0.0191279150651164,-2.57618667162518,-1.47800984102802,0,12.587,6,10
2025-04-20 22:41:32.342,4.317299,4.709858,-2.850929,3.584965,134.086906083476,-78.6981525764754,35.7302054981489,25.001826187833,-0.427084143577987,-2.37378485982065,-0.0861055724734003,-4.65295470691742,-2.67907293516242,-0.000869060834758091,12.587,6,10
2025-04-20 22:41:33.377,2.986935,3.992687,-5.698135,4.964542,135.121093664105,-78.6981901796837,35.7301531070364,24.9996367190077,-0.43827272418495,-2.66875978459778,0.0338465064286587,-6.31570308548811,-3.75390622594928,-0.00878906335895419,12.587,6,10
2025-04-20 22:41:34.399,0.861715,3.332062,-4.371851,4.96035,136.142899975114,-78.6982349447889,35.7300919687516,24.9961426001493,-0.4168486106891,-2.5354012684426,-0.0244203035358834,-6.75858299328091,-4.0128609977603,0,12.587,6,10
2025-04-20 22:41:35.431,2.33939,3.355831,-4.567171,4.366287,137.174640466966,-78.6982816683896,35.7300273277944,24.9913492809339,-0.416905790158517,-2.54434636189322,-0.00812137811733626,-6.99349280933932,-4.10746404669657,0,12.587,6,10
2025-04-20 22:41:36.475,-6.933262,2.392838,-3.467285,4.446358,138.217377017088,-78.6983298862936,35.7299612182971,24.9934347540342,-0.408234683151711,-2.58867732047381,-0.000691604307978437,-7.01,-4.17695737897475,0,12.587,6,10
2025-04-20 22:41:37.456,3.671448,4.875004,-4.313677,3.376297,139.197173081341,-78.6983752502444,35.729899118944,24.9953943461627,-0.400945076399299,-2.54213576590383,-0.0156300872590114,-6.99816961511952,-4.12211307674635,0,12.587,6,10
2025-04-20 22:41:38.522,3.590378,5.390846,-5.377165,3.04982,140.262180761095,-78.6984239767885,35.7298319661386,24.9972621807611,-0.394373172559058,-2.56861799113066,-0.00418959725353838,-6.93689096194524,-4.0847563847781,0,12.587,6,10
2025-04-20 22:41:39.591,2.833229,3.366558,-4.022673,4.232056,141.330716439586,-78.6984723153114,35.7297654625091,24.998,-0.397124626408122,-2.5624135231252,-0.00811302399508487,-6.89338567120828,-4.06338567120828,0,12.587,6,10
2025-04-20 22:41:40.711,4.081387,4.533798,-10.835958,4.31522,142.448988726327,-78.6985226146949,35.7296961524967,24.998,-0.398171957286584,-2.55973935495421,-0.00725115624998142,-6.88448988726327,-4.05897977452653,0,12.587,6,10
2025-04-20 22:41:41.726,3.425961,5.643913,-3.328327,4.174255,143.463115020236,-78.6985681401759,35.7296333868687,24.9975368849798,-0.399977411410178,-2.56395552413011,-0.005879598184849,-6.89,-4.07,0,12.587,6,10
2025-04-20 22:41:42.718,4.468262,3.75449,-3.86618,2.478317,144.454395089317,-78.6986127932185,35.7295718820649,24.9965456049107,-0.397736336281904,-2.56065215736789,-0.00650979433987818,-6.88545604910683,-4.06545604910683,0,12.587,6,10
2025-04-20 22:41:43.745,3.784389,6.418877,-4.815533,2.328827,145.481480518935,-78.6986591147714,35.7295081000598,24.996,-0.394736582436051,-2.56243960644192,-0.00566449873635046,-6.87518519481065,-4.06,0,12.587,6,10
2025-04-20 22:41:44.797,3.819153,5.840046,-5.529116,2.09602,146.532860505915,-78.6987064787228,35.7294429159347,24.9965328605059,-0.395314848339797,-2.56242034828555,-0.00606984403903401,-6.86467139494085,-4.05467139494085,0,12.587,6,10
2025-04-20 22:41:45.796,4.103947,5.205036,-3.876347,3.035954,147.531603895183,-78.6987513158545,35.7293812000397,24.997,-0.397244426680219,-2.56216567736891,-0.00624945243502395,-6.87063207790365,-4.06063207790365,0,12.587,6,10
2025-04-20 22:41:46.889,3.177258,7.921307,-3.887951,4.3339,148.623483225554,-78.6988003567452,35.7293135816917,24.9963765167744,-0.397410103723091,-2.56255146310202,-0.00562881092253124,-6.87376516774446,-4.06376516774446,0,12.587,6,10
2025-04-20 22:41:47.879,3.490063,6.778435,-6.976292,1.835739,149.612181223279,-78.698844848155,35.7292523059823,24.9966121812233,-0.395351158605664,-2.56214385228646,-0.00564985741828531,-6.87612181223279,-4.06612181223279,0,12.587,6,10
2025-04-20 22:41:48.930,-10.316374,6.121742,-3.576466,2.145641,150.662881603133,-78.6988922622485,35.7291870687643,24.9976628816031,-0.39440304737898,-2.56222144707872,-0.00594216286348905,-6.86011355190602,-4.05674236793735,0,12.587,6,10
2025-04-20 22:41:49.925,2.922798,7.462524,-4.270941,2.337555,151.656417676012,-78.6989369731536,35.7291255333876,24.998,-0.393094392385723,-2.56142307944936,-0.00647031323858531,-6.85656417676012,-4.05,0,12.587,6,10
2025-04-20 22:41:50.932,2.068913,7.093563,-4.648348,3.288536,152.662279970072,-78.6989820701426,35.7290635035538,24.9966754400599,-0.398132796482212,-2.56230756441806,-0.00638128013553433,-6.85337720029928,-4.05,0,12.587,6,10
2025-04-20 22:41:51.971,4.470509,6.939053,-4.105434,1.500246,153.701541177541,-78.6990285588906,35.7289994850635,24.9952984588225,-0.400613184785635,-2.56247105180157,-0.00623394072941407,-6.87806164710163,-4.06403082355082,0,12.587,6,10
2025-04-20 22:41:52.995,2.698334,8.219666,-4.893621,1.777777,154.724164837503,-78.6990746322507,35.7289359121141,24.996448329675,-0.397775599231602,-2.56177377563626,-0.00551581543111098,-6.88275835162497,-4.06275835162497,0,12.587,6,10
2025-04-20 22:41:54.021,3.304493,7.711304,-5.932117,0.517349,155.749662918204,-78.6991208348313,35.7288722958654,24.9977496629182,-0.394798526665121,-2.56193556796154,-0.00552365548161968,-6.86500674163592,-4.06,0,12.587,6,10
2025-04-20 22:41:55.033,1.385475,8.511711,-4.437359,0.697144,156.760390355913,-78.6991663936051,35.7288096557979,24.998,-0.394629595073712,-2.56221936307463,-0.00631862354591001,-6.84479219288175,-4.04479219288175,0,12.587,6,10
2025-04-20 22:41:56.085,1.413509,8.707375,-3.560131,0.100077,157.811209445425,-78.6992135421832,35.7287448294982,24.9963775811092,-0.3971447114919,-2.56209519408668,-0.00636699129798211,-6.8562241889085,-4.04811209445425,0,12.587,6,10
2025-04-20 22:41:57.096,5.35886,7.633064,-4.175293,1.058084,158.821620946634,-78.6992588086184,35.7286824238255,24.996,-0.399482327357849,-2.56249486655018,-0.00572510605177291,-6.86821620946635,-4.05,0,12.587,6,10
2025-04-20 22:41:58.110,2.700897,10.228493,-6.041731,0.571749,159.834546694859,-78.6993043546013,35.7286196581049,24.9976690933897,-0.399120964377429,-2.56205775355128,-0.00600635596978246,-6.87834546694859,-4.05834546694859,0,12.587,6,10
2025-04-20 22:41:59.158,4.0252,9.903263,-3.244499,0.530489,160.881734059704,-78.6993516543795,35.7285546443149,24.998,-0.394900730732655,-2.56207488362571,-0.0058957598125617,-6.86236531880592,-4.05118265940296,0,12.587,6,10
2025-04-20 22:42:00.177,2.971977,12.129414,-3.187548,1.186899,161.899602398599,-78.6993973921477,35.7284916146115,24.998,-0.397389155539506,-2.56220566942178,-0.00588599917877726,-6.86,-4.05,0,12.587,6,10
2025-04-20 22:42:01.228,4.210503,10.384769,-4.001148,2.200584,162.950296301478,-78.6994445683039,35.7284266716886,24.9970497036985,-0.396506869082063,-2.56225014721923,-0.0064308494213157,-6.86,-4.05,0,12.587,6,10
2025-04-20 22:42:02.196,1.881849,10.015133,-4.512497,-0.310888,163.916929289295,-78.6994879701251,35.7283669337699,24.9960830707107,-0.399830417475133,-2.5620157042426,-0.00572812617938994,-6.87833858578589,-4.05916929289295,0,12.587,6,10
2025-04-20 22:42:03.200,3.140087,12.146198,-4.403246,1.266653,164.920235743428,-78.6995331106084,35.7283046533603,24.9978404714869,-0.395690644294978,-2.56203029600666,-0.00565321830576436,-6.87079764256572,-4.06,0,12.587,6,10
2025-04-20 22:42:04.224,3.918159,10.980446,-4.565521,1.560535,165.944318720225,-78.6995791943424,35.7282412466712,24.998,-0.397706592910271,-2.56185037347804,-0.00632538837595118,-6.87,-4.05055681279775,0,12.587,6,10
2025-04-20 22:42:05.253,3.227573,9.579201,-3.070499,-0.912388,166.972637661115,-78.6996256632223,35.7281773992012,24.998,-0.391930521174769,-2.56252111961508,-0.00555482657012265,-6.8505472467777,-4.05,0,12.587,6,10
2025-04-20 22:42:06.282,2.954491,13.739319,-4.42588,0.353127,168.000280664045,-78.6996716126018,35.728114082655,24.996999719336,-0.401366620878731,-2.56200416282871,-0.00636813744751923,-6.8600056132809,-4.05000280664045,0,12.587,6,10
2025-04-20 22:42:07.256,2.496456,10.755291,-3.871788,-1.609299,168.973500719639,-78.6997153101823,35.7280539376555,24.9960264992804,-0.396094901254793,-2.56225893587832,-0.00614052276921563,-6.87947001439277,-4.05973500719639,0,12.587,6,10
2025-04-20 22:42:08.328,2.850578,11.73476,-5.187723,0.137283,170.04544401205,-78.6997635495249,35.7279874779269,24.998045444012,-0.398862653843691,-2.56210001356135,-0.00576817031705689,-6.8795455598795,-4.0595455598795,0,12.587,6,10
2025-04-20 22:42:09.277,2.723457,12.740662,-6.552927,0.536947,170.993034967997,-78.6998062858771,35.7279286325285,24.998993034968,-0.390635996149267,-2.56270819905611,-0.00497877978282879,-6.87006965032003,-4.05006965032003,0,12.587,6,10
2025-04-20 22:42:10.278,0.865582,11.55439,-3.641499,0.47761,171.9923180033,-78.6998512543101,35.7278666762838,24.9980076819967,-0.395616103930369,-2.56149708511807,-0.00638699088753325,-6.850153639934,-4.040076819967,0,12.587,6,10
2025-04-20 22:42:11.303,1.986164,13.083054,-6.241783,-0.227922,173.015832516323,-78.6998972092967,35.7278035215505,24.9969841674837,-0.394056546040583,-2.56094427219653,-0.00602245074982607,-6.86015832516323,-4.05015832516323,0,12.587,6,10
2025-04-20 22:42:12.374,1.946089,12.856007,-4.814257,0.158146,174.08562488886,-78.6999451445575,35.7277374083819,24.9961712497777,-0.400729888198578,-2.5626470848372,-0.00618434269623044,-6.87171249777721,-4.0608562488886,0,12.587,6,10
2025-04-20 22:42:13.383,3.015366,11.702866,-3.298115,-0.311321,175.093700814942,-78.6999904446469,35.7276750624392,24.998,-0.395923132287222,-2.56191713886435,-0.00613442994331696,-6.88718897555175,-4.06812598370117,0,12.587,6,10
2025-04-20 22:42:14.359,2.622192,12.566956,-7.868698,-0.079504,176.069058184051,-78.7000346007125,35.7276143322042,24.998,-0.39553123836139,-2.5623277724738,-0.00590144106787133,-6.86069058184051,-4.05,0,12.587,6,10
2025-04-20 22:42:15.372,3.155937,12.407913,-4.179207,-1.448044,177.080829262052,-78.7000799403217,35.7275519179126,24.9982424877862,-0.381383055895723,-2.56186007198871,-0.00532683724099715,-6.8239273206304,-4.02332634352286,0,12.587,6,10
2025-04-20 22:42:16.377,2.90844,12.546021,-6.100252,-1.148514,178.08514274236,-78.700123460967,35.727491930006,25.0004040008035,-0.252732203634556,-2.56295739559458,0.000312921798702724,-6.21485725763979,-3.67061720943108,0,12.587,6,10
2025-04-20 22:42:17.404,1.017862,13.127129,-3.387381,-1.120951,179.111259693235,-78.7001619713024,35.7274391603371,24.9935549612271,-0.145902115424261,-2.56263404875773,0.000984087971991904,-5.16760096505088,-3.05989302087112,0,12.587,6,10
2025-04-20 22:42:18.429,-0.03336,13.37196,-5.849413,-3.755835,180.135457275708,-78.7001927884259,35.727397073733,24.9902709145514,-0.0360828224341054,-2.56259134802101,0.00174471750149286,-3.928487250551,-2.31163417943343,0,12.587,6,10
2025-04-20 22:42:19.442,-0.150774,13.719994,-5.130093,-1.137022,181.147597106644,-78.7002144482818,35.7273674137327,24.9924427913199,0.0695602930003493,-2.5621175580775,0.00386992046451862,-2.53679657150274,-1.4812587197548,0,12.587,6,10
2025-04-20 22:42:20.450,1.608767,13.429432,-5.175598,-3.273779,182.153748676671,-78.7002262227455,35.7273511620064,24.9957687433834,0.144191932985765,-2.56193532722218,0.0064361450704792,-1.0085765615287,-0.573913413097292,0,12.587,6,10
2025-04-20 22:42:21.472,1.444059,14.394192,-3.73196,-2.284309,183.173619787405,-78.7002288742943,35.7273473777917,24.9996527604252,0.0659184645629704,-2.56188476207835,0.00274614401523123,0.035141144725235,0.0360429681107125,0,12.587,6,10
2025-04-20 22:42:22.495,-3.773226,14.2556,-4.279259,-13.528381,184.194450460017,-78.7002274305441,35.727349108346,24.99780554954,0.00478535447971498,-2.56220300466738,0.00139242320222016,0.236388467798836,0.148332972399002,0,12.587,6,10
2025-04-20 22:42:23.553,0.762648,14.657646,-5.863907,-2.145292,185.250877941842,-78.7002256240343,35.7273511010535,24.9975017558837,-0.00835683091313345,-2.51689291182216,0.002530439853354,0.157420985234183,0.082438544071031,0,12.587,6,10
2025-04-20 22:42:24.524,1.113499,13.290829,-4.610334,-1.462172,186.221594041921,-78.700224689203,35.727352110797,24.9994431880838,-0.00562096407532329,-2.07909329052833,0.00204246848859733,0.0833521787423786,0.0233521787423786,0,12.587,6,10
2025-04-20 22:42:25.536,0.074804,14.839371,-4.135262,-2.930017,187.232085500611,-78.7002242767914,35.7273525464171,25.001,-0.00316853643282431,-0.809048775165717,-0.000710990502815278,0.0576791449938877,0,0,12.587,6,10
2025-04-20 22:42:26.550,1.719442,12.470432,-5.023458,-2.831472,188.245127416801,-78.7002242,35.7273527490255,25.001,-0.00214408193368618,0.0678993526785806,-0.000224332625125902,0.0475487258319873,0,0,12.587,6,10
2025-04-20 22:42:27.567,1.548979,11.912861,-3.911158,-1.743486,189.261468086998,-78.7002242,35.7273529522936,25.001,-0.00148946350126523,0.775822715235847,-0.00057608616695122,0.04,0,0,12.587,6,10
2025-04-20 22:42:28.601,-1.087038,13.951561,-4.039743,-1.637379,190.294733826794,-78.7002242,35.7273531589468,25.001,-0.000609890060871467,1.52041128818758,-0.000467889251390335,0.0370526617320621,0,0,12.587,6,10
2025-04-20 22:42:29.594,2.065037,13.645241,-6.275547,-1.066198,191.285358066231,-78.7002242,35.7273533570716,25.001,-0.000633915085254495,2.41042165502284,-0.00038286142595398,0.0242928386753887,0,0,12.587,6,10
2025-04-20 22:42:30.600,2.714279,14.123943,-5.97397,-1.947672,192.290583040281,-78.7002241709417,35.7273535290583,25.0012905830403,-0.00110103264982034,2.39392750511837,0.00014544040494905,0.00709416959718669,0.00290583040281331,0,12.587,6,10
2025-04-20 22:42:31.626,0.947304,12.492104,-3.593008,-2.2218,193.316101458645,-78.7002240683899,35.7273536,25.002,-0.000310436061483185,2.34738128137335,0.001022697792801,0,0.00683898541354599,0,12.587,6,10
2025-04-20 22:42:32.631,2.371769,14.845169,-4.921047,-0.131098,194.320268453693,-78.7002239359463,35.7273536,25.0026405369074,-0.000960625724875773,1.49098311092384,0.00119642155930642,0,0,0,12.587,6,10
2025-04-20 22:42:33.653,1.939907,13.490208,-5.575556,-2.201351,195.341422497989,-78.7002238,35.7273536,25.004,-0.00157282719708087,-2.14745970413382,0.00096591344805963,0,-0.00341422497989202,0,12.587,6,10
2025-04-20 22:42:34.692,1.819464,13.455914,-6.409483,-3.67063,196.379374461052,-78.7002238,35.7273536,25.0032412510779,-0.000434780496084967,-2.6635924445984,0.0012936133567772,0,-0.01,0,12.587,6,10
2025-04-20 22:42:35.698,1.582512,11.939842,-5.082573,-3.808996,197.383709132018,-78.7002238,35.7273535616291,25.001616290868,7.10410568996119e-05,-2.6107504617251,0.00126612259312993,0,-0.01,0,12.587,6,10
2025-04-20 22:42:36.710,3.251625,10.901291,-5.427717,-2.114801,198.393217143296,-78.7002238,35.7273534606783,25.0017864342866,0.000669103864608846,-2.47696236819605,0.00167096055436865,0.00393217143295619,-0.01,0,12.587,6,10
2025-04-20 22:42:37.716,1.477394,14.340382,-5.683489,-1.738956,199.396250478128,-78.7002238,35.7273533603749,25.0033962504781,0.001447731835587,-2.5815790276204,0.00195248318587126,0.0139625047812796,-0.01,0,12.587,6,10
2025-04-20 22:42:38.729,0.135712,13.666924,-3.907469,-2.008812,200.408400120747,-78.70022384084,35.7273533,25.0031831997585,0.00197212676017008,-2.51206941225709,0.00206804063373566,0.0240840012074711,-0.00591599879252889,0,12.587,6,10
2025-04-20 22:42:39.810,0.703661,12.56781,-10.757158,-6.478914,201.489273756748,-78.7002239,35.7273533,25.002,0.00227106728084767,0.193221760162892,0.000895030502875439,0.03,0,0,12.587,6,10
2025-04-20 22:42:40.854,0.892467,13.492298,-6.142485,-2.105066,202.532150024787,-78.7002239,35.7273533,25.002,0.00139043110167961,2.26463657502211,-0.00108537123727453,0.03,0,0,12.587,6,10
2025-04-20 22:42:41.823,2.320915,11.952358,-7.240286,-3.459784,203.500881309054,-78.7002239,35.7273533,25.0014991186909,0.000781565026331556,1.75856992670268,-0.00173877626345114,0.03,0,0,12.587,6,10
2025-04-20 22:42:42.890,1.614233,12.920479,-5.713869,-2.275074,204.56748034456,-78.7002233325197,35.7273530730079,25.0004325196554,-0.154396658873543,2.15369992456189,-0.0288685466231508,-0.179967727487223,0.312114189508034,0,12.587,6,10
2025-04-20 22:42:43.901,1.651016,12.421852,-5.952353,-2.28731,205.577244879503,-78.7002126250411,35.7273474161736,25.001154489759,-0.312193632672654,2.1038161294855,0.0241835850945649,-1.17123262648479,1.77375914454705,0,12.587,6,10
2025-04-20 22:42:44.922,1.937729,13.031544,-5.330271,-0.861792,206.597536270846,-78.7001809595347,35.7273303139557,25.002,-0.411288760189668,2.00900571064142,0.0544220200831438,-2.58069860293405,3.83519572815029,0,12.587,6,10
2025-04-20 22:42:45.980,2.192566,13.362148,-3.096046,-1.130503,207.655726940271,-78.7001244383659,35.7272997298656,25.0013442730597,-0.439869365424273,2.09383494871466,0.0271484383511332,-3.78884147907686,5.64293402682344,-0.00655726940271433,12.587,6,10
2025-04-20 22:42:47.072,2.536633,13.62458,-5.832989,-4.312847,208.747446301861,-78.7000497828448,35.7272590748496,24.995767875887,-0.420648912181277,2.03248432066644,0.0393606085253583,-4.37918281659559,6.45655513168865,-0.00252553698138784,12.587,6,10
2025-04-20 22:42:48.044,0.286642,11.755264,-4.340416,-2.949158,209.718889812013,-78.699978142709,35.7272199411847,24.9911244407519,-0.414922329085428,2.06649660611661,0.0207420421873163,-4.51751118496101,6.70815575864279,-0.00718889812012672,12.587,6,10
2025-04-20 22:42:49.074,0.508736,12.181957,-4.340691,-1.0795,210.747807269505,-78.6999002170861,35.7271776155598,24.9922434218085,-0.406575320721125,2.06417338538343,0.023562993737429,-4.5250438546099,6.77747807269505,-0.00252192730495214,12.587,6,10
2025-04-20 22:42:50.093,2.968513,12.435513,-5.434561,-0.088007,211.766099267119,-78.699823465945,35.7271360197598,24.9952982978014,-0.397747541502828,2.0527610927754,0.0256082668576524,-4.51233900732881,6.75701702198644,0,12.587,6,10
2025-04-20 22:42:51.172,2.076523,10.263577,-5.005604,-3.763956,212.844257224997,-78.6997425807081,35.7270921387309,24.996844257225,-0.394528667573181,2.06825706389238,0.0214711686778527,-4.46778713875013,6.69934456650015,0,12.587,6,10
2025-04-20 22:42:52.131,-0.041569,8.701668,-3.399033,-1.058876,213.803050007447,-78.6996716349094,35.7270536779997,24.9978030500074,-0.393979295627849,2.05753820505525,0.025908798730253,-4.45196949992553,6.66590849977659,0,12.587,6,10
2025-04-20 22:42:53.170,2.391953,9.031727,-4.785526,-1.969997,214.840896668122,-78.6995951259156,35.7270122482229,24.998,-0.397364913387928,2.06041407574542,0.0242769782155801,-4.45,6.65159103331878,0,12.587,6,10
2025-04-20 22:42:54.193,2.134159,8.654358,-4.283131,-1.951544,215.863251244519,-78.6995198647084,35.7269713699502,24.998,-0.398564024197023,2.06167958569771,0.025021005406034,-4.45863251244519,6.66726502489038,0,12.587,6,10
2025-04-20 22:42:55.247,4.144238,9.251606,-2.904814,-2.385805,216.915920045492,-78.6994420219166,35.7269290800142,24.9989159200455,-0.393107908784251,2.0593919635965,0.0250011456166728,-4.45084079954508,6.64252239863524,0,12.587,6,10
2025-04-20 22:42:56.200,3.23848,9.328857,-4.415974,-2.818933,217.8681542332,-78.6993717302176,35.7268909738307,24.9963955373004,-0.394307297784987,2.06199903202993,0.0250041272292415,-4.441318457668,6.64,0,12.587,6,10
2025-04-20 22:42:57.223,3.040073,8.499107,-4.705202,-2.113735,218.890837573346,-78.6992964343546,35.7268501555808,24.996,-0.392226709935749,2.06027827173959,0.0253194112358678,-4.44,6.63109162426654,0,12.587,6,10
2025-04-20 22:42:58.234,2.517361,6.985466,-3.51009,-2.435843,219.900287222016,-78.6992222288892,35.7268097885111,24.995099712778,-0.394632530924027,2.05942812317252,0.0259169463133026,-4.44,6.63,0,12.587,6,10
2025-04-20 22:42:59.244,3.667103,7.232944,-5.308174,-2.522682,220.910081542401,-78.6991478269903,35.7267693967383,24.9968201630848,-0.392153211816767,2.0608513949631,0.024807160507615,-4.43089918457599,6.61179836915197,0,12.587,6,10
2025-04-20 22:43:00.249,4.761578,6.776009,-4.105997,-3.302315,221.914455052553,-78.6990742618902,35.7267294961344,24.9979144550526,-0.39796380770606,2.06008862949984,0.0258532569794409,-4.44828910105106,6.62828910105106,0,12.587,6,10
2025-04-20 22:43:01.272,2.889942,6.322304,-2.915129,-2.326052,222.936550742514,-78.6989988825552,35.7266885443152,24.9989365507425,-0.392959393432042,2.06084733611487,0.0252325820269116,-4.45,6.63,0,12.587,6,10
2025-04-20 22:43:02.291,3.31958,5.955338,-3.709024,-3.263124,223.955357865831,-78.6989238856611,35.7266478812212,24.9970892842683,-0.395729898329587,2.05978111624854,0.0265598897098018,-4.44044642134169,6.63,0,12.587,6,10
2025-04-20 22:43:03.289,3.569687,7.331451,-4.081591,-2.19319,224.95177886919,-78.6988506442531,35.7266080288452,24.9960482211308,-0.394152908825066,2.06075907417416,0.0254250532843505,-4.44,6.63,0,12.587,6,10
2025-04-20 22:43:04.329,2.162354,6.8274,-2.870922,-2.731157,225.990417665139,-78.6987743043016,35.7265665823352,24.996,-0.397635638922935,2.06014278592825,0.0259365875036344,-4.44990417665139,6.63990417665139,0,12.587,6,10
2025-04-20 22:43:05.340,4.62196,5.471867,-3.67359,-3.561262,227.000149867068,-78.6986996889698,35.7265260940203,24.9980001498671,-0.389773944993434,2.06059761663782,0.0249325147630048,-4.44999700265864,6.62999850132932,0,12.587,6,10
2025-04-20 22:43:06.357,4.475765,5.415443,-4.613503,-3.306976,228.016629127666,-78.6986248777591,35.7264855364978,24.9989833708723,-0.394360201364126,2.06031962459519,0.0259045477215109,-4.43016629127666,6.62016629127666,0,12.587,6,10
2025-04-20 22:43:07.383,5.725372,4.170509,-3.155455,-3.296955,229.041829443829,-78.6985495213529,35.7264446268222,24.9979163411123,-0.391460864751809,2.06026751346526,0.0261055482073186,-4.44,6.62958170556171,0,12.587,6,10
2025-04-20 22:43:08.410,4.695911,4.329922,-3.78002,-2.895741,230.068084778975,-78.6984739957688,35.7264035834173,24.996068084779,-0.396291360175063,2.06044381209673,0.0259381063593916,-4.44068084778975,6.62136169557949,0,12.587,6,10
2025-04-20 22:43:09.416,4.526836,-17.60154,-3.313335,-2.76182,231.073741754532,-78.6984000652327,35.7263634429556,24.9970737417545,-0.390284934048002,2.06076798285223,0.0255739602693906,-4.44926258245468,6.63852516490936,0,12.587,6,10
2025-04-20 22:43:10.479,5.616287,3.911865,-2.91959,-2.4091,232.135345847878,-78.6983218791494,35.7263209132353,24.998,-0.395476300155278,2.06018577213511,0.0265645030557044,-4.44135345847878,6.62270691695756,0,12.587,6,10
2025-04-20 22:43:11.475,6.475227,4.147888,-1.93239,-3.372179,233.130421057889,-78.6982488488417,35.7262812701156,24.998,-0.393800202357674,2.06049583266912,0.025974299696053,-4.44869578942111,6.63869578942111,0,12.587,6,10
2025-04-20 22:43:12.497,6.128918,3.865379,-3.212635,-2.575853,234.150892674225,-78.6981734093884,35.7262403793823,24.9976982146516,-0.392631669022521,2.06061920530151,0.0255710296688279,-4.44,6.63,0,12.587,6,10
2025-04-20 22:43:13.584,5.635246,3.142075,-2.36027,-4.316422,235.23698531687,-78.6980935815792,35.7261970442859,24.996,-0.392717674043129,2.06086332818304,0.025850310615593,-4.4376301468313,6.6252602936626,0,12.587,6,10
2025-04-20 22:43:14.534,5.04858,3.278629,-1.892538,-2.303682,236.185302220872,-78.6980239358774,35.7261592435018,24.9963706044417,-0.396967666744344,2.05978104243878,0.0267052744768227,-4.43555906662615,6.61741208883486,0,12.587,6,10
2025-04-20 22:43:15.543,7.618961,2.966198,-2.495449,-4.221695,237.193889323211,-78.6979499521901,35.7261190862603,24.998,-0.396322801294414,2.06102471122511,0.0263996261110012,-4.45806110676789,6.64612221353578,0,12.587,6,10
2025-04-20 22:43:16.571,5.995392,2.832371,-2.236309,-3.778692,238.221728568689,-78.6978740029502,35.726077775203,24.998,-0.393415039824241,2.06021738213163,0.0263714527124009,-4.44778271431311,6.63,0,12.587,6,10
2025-04-20 22:43:17.576,6.09589,2.048347,-1.41317,-2.161018,239.225433791367,-78.6978001855296,35.726037760105,24.9975491324173,-0.392934637150757,2.06086906230473,0.0257370965541936,-4.43774566208633,6.62774566208633,0,12.587,6,10
2025-04-20 22:43:18.582,7.362663,3.244659,-3.929115,-2.772169,240.229597431978,-78.6977262475485,35.7259975390625,24.995770402568,-0.392801471358751,2.059987804943,0.0259132118454763,-4.43229597431978,6.62229597431978,0,12.587,6,10
2025-04-20 22:43:19.603,6.023556,4.009029,-0.075909,-1.455069,241.25049233201,-78.6976512387151,35.725956805356,24.995751476996,-0.393843648677259,2.05992906421042,0.0261803006900292,-4.4374950766799,6.6249901533598,0,12.587,6,10
2025-04-20 22:43:20.631,5.280582,1.946335,-1.323526,-1.03631,242.277078453162,-78.6975756901494,35.7259158445697,24.998,-0.3957759070874,2.060637377605,0.0264351288042477,-4.43554156906325,6.61831235359487,0,12.587,6,10
2025-04-20 22:43:21.638,6.783916,0.859011,-0.955864,-3.43231,243.283641775411,-78.6975017956011,35.7258756826932,24.9982836417754,-0.396613450292598,2.06014486056815,0.0265042350200965,-4.45,6.64,0,12.587,6,10
2025-04-20 22:43:22.693,6.886059,1.591341,-0.625811,-3.37594,244.338235279425,-78.6974240720599,35.7258335367653,24.9979852941617,-0.394157234342403,2.06044016166125,0.0257687807736408,-4.45,6.64,0,12.587,6,10
2025-04-20 22:43:23.680,6.585247,2.2994,-1.250053,-1.048199,245.324404741082,-78.6973513589301,35.7257940238104,24.996,-0.393589646244197,2.06014582300214,0.025861100221647,-4.44351190517835,6.63351190517835,0,12.587,6,10
2025-04-20 22:43:24.762,6.307568,1.174625,-0.225237,-2.965469,246.40613540712,-78.6972717708882,35.7257508358108,24.996,-0.39355926740867,2.0604441783461,0.0259685949648508,-4.4340613540712,6.6240613540712,0,12.587,6,10
2025-04-20 22:43:25.722,8.560963,0.517199,-1.091154,-4.576008,247.364625457539,-78.6972013906412,35.7257126149817,24.9967292509151,-0.395669773179781,2.06032416746162,0.0262998590967088,-4.44,6.63,0,12.587,6,10
2025-04-20 22:43:26.714,7.576035,-1.106077,-0.251841,-3.834908,248.356804019719,-78.6971282749045,35.7256729278392,24.998,-0.393609983640348,2.06042719641197,0.0259001453750193,-4.44,6.63,0,12.587,6,10
2025-04-20 22:43:27.731,7.440479,0.02581,-1.33882,-3.990728,249.373173191583,-78.6970535344531,35.7256323103897,24.998,-0.394673854531548,2.06022490879311,0.0259591106379552,-4.44,6.63,0,12.587,6,10
2025-04-20 22:43:28.737,6.131504,0.776192,0.35166,-4.191551,250.378444431783,-78.6969795843343,35.7255922000672,24.9976215555682,-0.394149824828076,2.06051402723529,0.0258637599332844,-4.44,6.63,0,12.587,6,10
2025-04-20 22:43:29.743,7.265984,1.334179,-0.279406,-3.203815,251.384531496771,-78.6969055215755,35.725551980287,24.9966154685032,-0.394052600233222,2.06037457982457,0.0262419698946956,-4.44,6.63,0,12.587,6,10
2025-04-20 22:43:30.833,8.887257,0.009466,-0.720657,-3.216539,252.473760060284,-78.6968252786356,35.7255083969736,24.9964737600603,-0.392130858165391,2.06042747559091,0.0261462463573172,-4.44,6.63,0,12.587,6,10
2025-04-20 22:43:31.842,6.461746,-0.463017,0.307409,-3.603676,253.481410884635,-78.6967512163,35.7254681917057,24.9974814108846,-0.39438348288911,2.06031544580814,0.0262918803673939,-4.44481410884635,6.63481410884635,0,12.587,6,10
2025-04-20 22:43:32.884,6.412411,-0.098881,1.348883,-3.399717,254.523277391118,-78.6966744821285,35.7254265165766,24.9985232773911,-0.392899678999396,2.06049611542756,0.0258919830674776,-4.44476722608882,6.63476722608882,0,12.587,6,10
2025-04-20 22:43:33.916,7.773121,2.586861,1.152313,-4.793468,255.55424588618,-78.6965985075028,35.7253852855891,24.9978915082276,-0.391090251572422,2.06065455695242,0.0255958134644766,-4.44,6.63,0,12.587,6,10
2025-04-20 22:43:34.948,7.183502,0.844006,0.139263,-2.475767,256.585346116035,-78.6965227355951,35.72534414469,24.9958293077679,-0.394312064889355,2.06032183831607,0.0261420429782976,-4.43414653883965,6.62414653883965,0,12.587,6,10
2025-04-20 22:43:36.005,7.890312,0.999065,-1.048164,-2.756573,257.641473104585,-78.6964452800214,35.7253020693704,24.9962829462092,-0.394950074123908,2.06038521679027,0.0263546968753609,-4.44924419313753,6.63924419313754,0,12.587,6,10
2025-04-20 22:43:36.994,6.83955,-0.648764,0.068027,-5.860518,258.630376599313,-78.6963723521316,35.7252624588607,24.9976303765993,-0.3937119755878,2.06043236122634,0.0262077657674888,-4.44739246801374,6.63739246801374,0,12.587,6,10
2025-04-20 22:43:38.029,7.449612,-0.504755,1.626577,-5.568525,259.664100541715,-78.6962961886102,35.7252211023884,24.998,-0.392623721693958,2.06087807139917,0.0258318768424091,-4.44,6.63,0,12.587,6,10
2025-04-20 22:43:39.061,6.609428,0.025513,0.947969,-4.632736,260.695596353191,-78.6962201649891,35.7251798761459,24.998,-0.392751941980606,2.06048514971918,0.0257571423046018,-4.43304403646809,6.62304403646809,0,12.587,6,10
2025-04-20 22:43:40.063,7.508858,-1.977249,3.28537,-4.305115,261.697103715658,-78.6961465325873,35.7251398855617,24.9973028962843,-0.392561593884692,2.06072067077648,0.0255540000941141,-4.43697103715658,6.62697103715658,0,12.587,6,10
2025-04-20 22:43:41.104,7.896523,-0.250402,1.775436,-3.185486,262.737741197732,-78.6960700022479,35.7250982903521,24.9962622588023,-0.39552253906399,2.05988101674515,0.026119306715635,-4.43262258802268,6.62262258802268,0,12.587,6,10
2025-04-20 22:43:42.093,5.383022,-1.030308,1.374477,-3.750206,263.725256949655,-78.695997683717,35.7250590072991,24.9967252569497,-0.397360786775413,2.06018733338679,0.0260758004304283,-4.4445051389931,6.64175770848965,0,12.587,6,10
2025-04-20 22:43:43.116,7.074257,0.662317,0.792091,-4.778322,264.748329917388,-78.6959223732521,35.7250180919703,24.9984966598348,-0.395398523449131,2.06037287825939,0.0254242706652379,-4.45,6.64251670082612,0,12.587,6,10
2025-04-20 22:43:44.141,5.843037,-0.477112,0.326408,-4.654501,265.771567266438,-78.6958470126492,35.7249772144661,24.9982284327336,-0.394054020617741,2.06089206674305,0.0254076708371595,-4.45,6.64,0,12.587,6,10
2025-04-20 22:43:45.198,5.815601,-2.637714,1.422474,-4.385904,266.827152459554,-78.6957692388637,35.7249349311864,24.998,-0.394513609680067,2.05985957292612,0.0253630956017826,-4.43345695080892,6.62345695080892,0,12.587,6,10
2025-04-20 22:43:46.156,6.81815,-1.905441,1.700878,-2.161636,267.784554137263,-78.6956989137263,35.7248967747453,24.998,-0.397386360851311,2.06022122821008,0.0256102504436225,-4.43784554137263,6.6435366241179,0,12.587,6,10
2025-04-20 22:43:47.173,5.342331,-3.260315,5.09243,-5.204683,268.800701857435,-78.6956241683433,35.7248561719257,24.9971992981426,-0.395068600765595,2.06043504933063,0.0248427255702875,-4.44800701857435,6.65,0,12.587,6,10
2025-04-20 22:43:48.189,5.272217,-2.363413,2.489014,-4.665333,269.815224772511,-78.6955494994567,35.7248155910091,24.9978152247725,-0.395894060779829,2.06038449842872,0.0249350577689992,-4.45,6.65,0,12.587,6,10
2025-04-20 22:43:49.259,3.521793,-2.307007,2.993237,-5.319386,270.883889895211,-78.6954705805367,35.7247727560152,24.998,-0.390118498886182,2.06072110957757,0.0237133663651148,-4.43232220209577,6.63232220209577,0,12.587,6,10
2025-04-20 22:43:50.234,5.198456,-3.531397,2.015518,-4.671564,271.858537560069,-78.6953992409044,35.7247340160589,24.998,-0.398167907923531,2.0600599653077,0.0252773828313732,-4.43858537560069,6.63858537560069,0,12.587,6,10
2025-04-20 22:43:51.299,5.288979,-0.361204,2.720932,-29.162956,272.922250869834,-78.6953208378858,35.7246914177401,24.9970777491302,-0.393338027282649,2.06056614266953,0.0243972546383005,-4.44,6.64,0,12.587,6,10
2025-04-20 22:43:52.298,6.166546,-1.474749,4.641506,-5.902006,273.918543286227,-78.6952477707771,35.7246517419772,24.9979185432862,-0.398606711028556,2.05995879866567,0.0246081968466745,-4.44,6.64918543286227,0,12.587,6,10
2025-04-20 22:43:53.306,4.194706,-2.243172,5.033512,-7.652863,274.925675439464,-78.6951736702876,35.7246114729824,24.998,-0.394641748287423,2.06023993837865,0.0239904210913044,-4.44925675439464,6.65925675439464,0,12.587,6,10
2025-04-20 22:43:54.312,3.658165,-3.704956,4.862854,-4.42687,275.930682069097,-78.6950994225951,35.724571179649,24.9989306820691,-0.395155552298961,2.0602106275731,0.0242365430129265,-4.44069317930903,6.65069317930903,0,12.587,6,10
2025-04-20 22:43:55.342,2.891888,-3.933666,3.471226,-5.261032,276.960250439719,-78.6950235295426,35.7245299899824,24.999,-0.389971893648866,2.06091544523521,0.0237657304295305,-4.43039749560281,6.64039749560281,0,12.587,6,10
2025-04-20 22:43:56.358,3.770611,-3.457647,4.736893,-6.297543,277.975761065362,-78.6949492718661,35.7244896622857,24.9960727168039,-0.400647040329288,2.06000656023583,0.0248753929229324,-4.43975761065362,6.64975761065362,0,12.587,6,10
2025-04-20 22:43:57.368,4.862942,-3.078121,3.793411,-4.559231,278.984243484548,-78.6948751581039,35.724449428685,24.9969842434845,-0.395586159012783,2.06075177130983,0.0236903838659372,-4.45968486969095,6.66968486969095,0,12.587,6,10
2025-04-20 22:43:58.409,3.425255,-3.36171,4.609871,-6.078566,280.024024834121,-78.6947982317722,35.7244076390066,24.998,-0.395172468002175,2.06039603372072,0.0234998896748709,-4.44,6.65975975165879,0,12.587,6,10
2025-04-20 22:43:59.399,4.441505,-3.039907,4.756721,-5.179585,281.01342302666,-78.6947254107229,35.7243680630789,24.998,-0.390498255325652,2.06081310675693,0.0230500019050546,-4.4398657697334,6.6497315394668,0,12.587,6,10
2025-04-20 22:44:00.420,3.573185,-2.963026,5.484615,-6.588852,282.033662036037,-78.6946502325728,35.724327260251,24.998,-0.395144748962035,2.05993450430746,0.0235814565944224,-4.43033662036037,6.63067324072075,0,12.587,6,10
2025-04-20 22:44:01.433,4.191673,-3.652185,4.928715,-6.328218,283.046575405421,-78.6945759813652,35.7242869416413,24.998,-0.392321996512954,2.06051050012278,0.0233312700250082,-4.44,6.65,0,12.587,6,10
2025-04-20 22:44:02.446,4.563377,-3.273285,5.331097,-5.532278,284.0584330703,-78.6945017110126,35.7242465743638,24.998,-0.399919658964354,2.05993669735503,0.0235321608109588,-4.44116866140599,6.65175299210899,0,12.587,6,10
2025-04-20 22:44:03.494,3.465813,-3.428488,5.048851,-6.191566,285.105973026973,-78.6944247685933,35.7242048504816,24.998105973027,-0.397777867395472,2.06054880715488,0.0229676690386231,-4.45894026973027,6.67894026973027,0,12.587,6,10
2025-04-20 22:44:04.499,3.627899,-2.253119,5.541107,-6.257109,286.109686752095,-78.694350627055,35.7241646125299,24.9988903132479,-0.396456739022196,2.06039959174436,0.022466238513473,-4.45,6.66890313247905,0,12.587,6,10
2025-04-20 22:44:05.507,1.303484,-3.330402,4.998169,-5.603947,287.117118792146,-78.6942764566331,35.7241243152483,24.9977657624157,-0.39421213102616,2.06033737153253,0.0227830079727515,-4.44765762415708,6.65765762415708,0,12.587,6,10
2025-04-20 22:44:06.513,1.35623,-3.237106,5.969006,-6.000618,288.123374491101,-78.6942022813247,35.7240841020327,24.9962467489822,-0.398014998262458,2.06028773078277,0.0233771322115629,-4.43246748982201,6.64246748982201,0,12.587,6,10
2025-04-20 22:44:07.570,2.061012,-4.801214,6.494953,-25.229458,289.178521144001,-78.6941250429917,35.7240421413021,24.998178521144,-0.398396217134462,2.06044145428445,0.0228677066294115,-4.44821478855999,6.66,0,12.587,6,10
2025-04-20 22:44:08.583,0.49321,-3.832338,6.581581,-6.984877,290.190110047192,-78.6940505079005,35.7240016146091,24.9988098899528,-0.39615815683947,2.06068196114053,0.0223738678611533,-4.44,6.66,0,12.587,6,10
2025-04-20 22:44:09.613,3.639477,-4.542164,5.204433,-4.664135,291.219861786025,-78.693974652214,35.7239604615562,24.998,-0.395770753815267,2.06054571213774,0.0220879830748203,-4.43780138213975,6.65560276427949,0,12.587,6,10
2025-04-20 22:44:10.611,0.793011,-2.782339,6.763325,-7.106691,292.21787508579,-78.6939010515437,35.7239204503591,24.998,-0.394859728281497,2.06001480380329,0.0221611469402774,-4.4321787508579,6.6443575017158,0,12.587,6,10
2025-04-20 22:44:11.659,0.648376,-4.510712,7.936176,-7.369566,293.265104773137,-78.6938242882887,35.7238787958091,24.9982651047731,-0.399284795344131,2.06040125974263,0.0224247048646356,-4.44,6.66,0,12.587,6,10
2025-04-20 22:44:12.680,-0.346794,-2.129829,7.600479,-5.630989,294.285514991866,-78.6937491860966,35.7238380079518,24.9987144850081,-0.396835753845493,2.06050079984836,0.0221796870027978,-4.44285514991866,6.66285514991865,0,12.587,6,10
2025-04-20 22:44:13.694,2.837376,-3.856838,6.835445,-7.083033,295.298686561857,-78.6936745569317,35.7237975226689,24.9982986865619,-0.396698150513916,2.06037631776394,0.0221133491343116,-4.44701313438143,6.66701313438143,0,12.587,6,10
2025-04-20 22:44:14.721,0.904982,-4.901453,6.379177,-6.998993,296.324734450682,-78.6935988995444,35.723756410622,24.999,-0.394355155503928,2.0604998066872,0.0217191856997985,-4.44,6.65675265549318,0,12.587,6,10
2025-04-20 22:44:15.755,0.911142,-5.095335,8.026989,-6.431692,297.357457831662,-78.6935228553578,35.7237151374325,24.9986425421683,-0.3953661018063,2.06053275450157,0.0216000262821361,-4.43642542168338,6.64642542168338,0,12.587,6,10
2025-04-20 22:44:16.795,0.119324,-4.294064,7.629467,-6.8589,298.397066477265,-78.6934465141472,35.7236737364609,24.9972058670455,-0.397711991621036,2.06048520075557,0.0218442542618882,-4.43397066477265,6.65191199431796,0,12.587,6,10
2025-04-20 22:44:17.788,0.209124,-5.851345,8.100971,-6.201309,299.388453567059,-78.6933742594257,35.7236344560841,24.9979422678353,-0.356541530077807,2.06149312708831,0.0172354842588221,-4.35454021524708,6.53792578720004,0,12.587,6,10
2025-04-20 22:44:18.845,1.398962,-3.991646,7.377651,-5.768173,300.4444528845,-78.6933008216719,35.7235946108132,24.9987777355775,-0.236716840913246,2.06274541181647,0.00641067410350724,-3.93110562507496,5.90332523087994,0,12.587,6,10
2025-04-20 22:44:19.844,0.17135,-4.172388,7.656487,-6.865925,301.443519990091,-78.6932408716805,35.7235621822723,24.9928953600694,-0.128574100023386,2.06288298598881,0.000424914292446095,-3.23292480753113,4.8688224111976,0,12.587,6,10
2025-04-20 22:44:20.875,0.950855,-3.787434,7.308739,-6.744997,302.473347330636,-78.6931921661068,35.7235358756977,24.989,-0.0197863726449259,2.06268768084849,-0.00491408736708374,-2.40292129565321,3.62938194347982,0,12.587,6,10
2025-04-20 22:44:21.921,0.170218,-6.183363,8.104538,-6.733738,303.518618477041,-78.6931583419855,35.7235176023743,24.9900372369541,0.0893366921881034,2.06169395089486,-0.0114751365265814,-1.45212626204107,2.1928170235208,0,12.587,6,10
2025-04-20 22:44:22.956,2.119724,-3.257277,4.644627,-6.24028,304.551686284381,-78.6931419210038,35.7235086622431,24.9926550588531,0.116017717179239,2.06179639293795,-0.0118000844828226,-0.504516069744774,0.76729096746097,0,12.587,6,10
2025-04-20 22:44:24.029,0.124941,-4.759914,8.563908,-5.938631,305.62336387075,-78.6931389480366,35.7235069116819,24.9927532722585,0.0439761445746655,2.06201968197894,-0.00478436896153316,0.0458409676874769,-0.0568782708849649,0,12.587,6,10
2025-04-20 22:44:25.016,-0.748447,-5.12269,8.829323,-6.216749,306.609963983556,-78.6931411688956,35.7235079539496,24.992,-0.000805144735138501,2.06222710311646,-0.00158549514701587,0.121701080493307,-0.169501800822178,0,12.587,6,10
2025-04-20 22:44:26.012,0.171383,-6.182892,8.792614,-12.067299,307.604853621725,-78.6931433282512,35.7235089838829,24.9938145608652,-0.00887885204196403,2.0988764933431,-0.00174513403416241,0.0797573189137323,-0.0955631740447181,0,12.587,6,10
2025-04-20 22:44:27.048,0.007629,-5.103779,9.189922,-6.430666,308.639742500425,-78.693144511794,35.723509555897,24.9975589700017,-0.00303732044845774,-1.15725389254286,-0.0032952301115256,0.040807724987255,-0.0280128749787583,0,12.587,6,10
2025-04-20 22:44:28.057,0.619751,-5.353434,-11.20344,-6.345406,309.646044971239,-78.693145058418,35.723509829209,25.0002920899425,0.00114354101501162,-2.28385799605774,-0.0012836668726835,0.0235395502876067,-0.00353955028760668,0,12.587,6,10
2025-04-20 22:44:29.069,0.480001,-5.117474,7.855785,-7.735548,310.656193275089,-78.6931452656193,35.7235100312387,25.001,0.00104714777633816,-1.45030550508699,0.000223894814281689,0.02,0,0,12.587,6,10
2025-04-20 22:44:30.093,0.631893,-5.121679,9.099354,-5.878443,311.679205371103,-78.6931453679205,35.7235101679205,25.001,0.000516422867077008,-0.741594243475021,6.44036099137692e-05,0.0132079462889727,0,0,12.587,6,10
2025-04-20 22:44:31.154,1.26939,-3.511995,7.308548,-6.225615,312.738740762483,-78.6931454,35.7235102738741,25.001,0.000547644500603907,0.220163317345937,-0.000142288358989854,0.00261259237516741,0,0,12.587,6,10
2025-04-20 22:44:32.142,-0.192272,-4.866903,8.813038,-8.11948,313.725529638904,-78.693145327447,35.7235103,25.001,0.00118579653926987,0.878864002743506,-0.000611027256011805,0,-0.00725529638903674,0,12.587,6,10
2025-04-20 22:44:33.201,0.520573,-6.344612,7.96862,-5.958515,314.783343445359,-78.6931453,35.7235103,25.001,0.000566912973897804,0.565174748616817,-0.00147865628102018,0,-0.01,0,12.587,6,10
2025-04-20 22:44:34.185,0.337025,-21.513161,8.687012,-6.863314,315.765863574507,-78.6931453,35.7235103,25.001,0.000973590030563031,0.974072864235408,-0.00128802307327912,0,-0.0176586357450726,0,12.587,6,10
2025-04-20 22:44:35.197,-1.238926,-4.731863,8.049706,-6.042294,316.777655838016,-78.6931453,35.7235103,25.001,0.00138102321782325,2.31878899992993,0.000311715167785083,0,-0.02,0,12.587,6,10
2025-04-20 22:44:36.209,-0.294544,-4.863541,10.083412,-5.596077,317.78922083036,-78.6931453,35.7235103,25.001,0.00133332713008952,2.32699513026259,9.18677605230511e-05,0.00789220830360053,-0.02,0,12.587,6,10
2025-04-20 22:44:37.274,0.826128,-5.239532,7.903221,-6.775673,318.853144875336,-78.6931453853145,35.7235103,25.001,0.000347713784102255,1.89333247588768,-0.000914150483333557,0.01,-0.0114685512466371,0,12.587,6,10
2025-04-20 22:44:38.289,0.510748,-5.600224,6.831032,-5.07967,319.867247694329,-78.6931455734495,35.7235103,25.001,0.000216718246365335,2.2093597115312,-0.00150452088878317,0.01,-0.00132752305670602,0,12.587,6,10
2025-04-20 22:44:39.296,-0.317589,-4.651699,8.572426,-7.264549,320.872492860986,-78.6931456872493,35.7235103,25.001,-0.000340703676454412,2.14783085153989,-0.00185970949820813,0.01,0,0,12.587,6,10
2025-04-20 22:44:40.359,0.327574,-5.034519,9.242725,-6.994184,321.932732865815,-78.6931457,35.7235103,25.0028654657316,-0.000863474438544161,2.06894867394872,-0.00165513690900937,0.01,0.00932732865815072,0,12.587,6,10
2025-04-20 22:44:41.452,-0.381702,-4.815683,7.768799,-6.581511,323.024384084768,-78.6931459,35.7235103,25.0019756159152,-0.00134314620960565,2.18409544877674,-0.00176904549589551,0.01,0.02,0,12.587,6,10
2025-04-20 22:44:42.394,1.376884,-5.220005,8.558865,-6.790079,323.96461363253,-78.6931459,35.7235103,25.0010353863675,-0.000979000030746044,2.10387798182185,-0.00130780947859749,0.01,0.02,0,12.587,6,10
2025-04-20 22:44:43.407,1.072582,-6.041084,8.309757,-7.061874,324.975735178848,-78.6931459,35.7235103,25.001,-0.00115117318345905,2.1070037052665,-0.000902057472431629,0.01,0.02,0,12.587,6,10
2025-04-20 22:44:44.414,-0.402082,-5.94322,9.427509,-7.770283,325.98221771332,-78.6931459,35.7235103,25.001,-0.0022291158787488,1.16347669514641,0.000798285163873429,0.000177822866795244,0.02,0,12.587,6,10
2025-04-20 22:44:45.432,0.50354,-6.33016,9.095451,-8.191925,326.999367592566,-78.6931459,35.7235103,25.001,0.000213826085491234,-0.337995328268186,0.00191022224491594,0,0.02,0,12.587,6,10
2025-04-20 22:44:46.459,0.012869,-5.719746,7.505699,-8.124756,328.02563239492,-78.6931462383813,35.7235107691401,25.001,-0.163187739234139,-0.992907384400168,0.0615602063141214,0.252033761688545,-0.147935944482289,0,12.587,6,10
2025-04-20 22:44:47.457,-0.472672,-4.042309,10.128384,-6.798487,329.022938437868,-78.6931558757548,35.7235216468639,25.0011146921893,-0.33562184924998,-0.650505833419327,0.00523749798904616,2.27404180070732,-1.62280196615181,0,12.587,6,10
2025-04-20 22:44:48.538,-1.087667,-6.64102,10.199825,-7.653904,330.102844879547,-78.6931845652176,35.723553900011,25.006,-0.442000260188837,-0.639747612696641,0.00275982016086835,4.33409233438854,-3.14855609943334,0,12.587,6,10
2025-04-20 22:44:49.631,0.316553,-4.96736,8.977116,-7.383125,331.195118442218,-78.6932306168984,35.7236058266328,25.0061951184422,-0.441215461417624,-0.765713880734809,0.0404630546658536,6.01999856130921,-4.34804737688703,0,12.587,6,10
2025-04-20 22:44:50.546,-1.12438,-5.32229,9.507935,-7.557238,332.10894042941,-78.6932764629487,35.7236572621211,25.0062374169941,-0.422885434545918,-0.653429909313833,-0.00573079668471209,6.37396689447014,-4.68743046870555,0,12.587,6,10
2025-04-20 22:44:51.584,1.913776,-5.297544,8.635975,-6.777876,333.145293644409,-78.6933314022687,35.7237179885599,25.0001452936444,-0.415716090594581,-0.716621720656597,0.0234920187806074,6.57871761866452,-4.83,0,12.587,6,10
2025-04-20 22:44:52.603,0.886709,-4.365931,8.449818,-6.271982,334.163227078771,-78.6933860000033,35.7237787630431,25.0011632270788,-0.411234573409615,-0.709522295294733,0.0145172396792496,6.62510318763687,-4.83163227078771,0,12.587,6,10
2025-04-20 22:44:53.622,-0.477127,-4.193989,8.086128,-6.578199,335.182570706828,-78.6934403310187,35.7238391081858,25.0018174292932,-0.404669276497901,-0.689437049535963,0.0105881448088403,6.59269717172686,-4.83087146465858,0,12.587,6,10
2025-04-20 22:44:54.601,-1.976311,-4.308762,6.319592,-6.359383,336.159977749104,-78.6934923148296,35.7238968586983,25.0006800445018,-0.401040714256689,-0.711703437432084,0.0170137972092959,6.55520066752687,-4.78680044501792,0,12.587,6,10
2025-04-20 22:44:55.711,2.736263,-4.333576,8.089798,-7.485308,337.269551633463,-78.6935506784159,35.7239617957257,24.9987304483665,-0.398262369305675,-0.699175425711661,0.0121521306961666,6.51921793466148,-4.76191345099611,0,12.587,6,10
2025-04-20 22:44:56.676,3.638786,-4.441027,7.496925,-6.981451,338.233948607166,-78.6936012419327,35.7240181690192,24.998,-0.398537069840623,-0.702292437146517,0.0139688919697759,6.49,-4.73766051392834,0,12.587,6,10
2025-04-20 22:44:57.697,2.496754,-6.289364,8.034885,-7.871071,339.254114253618,-78.6936542139412,35.7240773132153,24.998,-0.400858310127729,-0.703794630396816,0.0131528342738448,6.49,-4.73254114253618,0,12.587,6,10
2025-04-20 22:44:58.694,1.439562,-4.212824,8.113602,-5.632154,340.250315751188,-78.6937060414506,35.7241350183136,24.998,-0.403434916324336,-0.70069535801108,0.0119184272038639,6.49500631502376,-4.74500631502376,0,12.587,6,10
2025-04-20 22:44:59.720,1.877661,-3.714424,6.359993,-5.509762,341.275033753544,-78.6937595392721,35.724194616978,24.9974499324929,-0.401668562067426,-0.702830838990052,0.0127436836336141,6.50449932492913,-4.75449932492913,0,12.587,6,10
2025-04-20 22:45:00.714,1.835951,-4.210796,8.51054,-5.030285,342.266899771559,-78.6938115321681,35.7242526335667,24.9957331002284,-0.397500148538808,-0.702299846770592,0.0120313643515229,6.48466200456883,-4.74,0,12.587,6,10
2025-04-20 22:45:01.746,1.876766,-3.306477,9.287262,-6.294226,343.298469390305,-78.6938653801022,35.7243126410716,24.9955969387806,-0.3976930472567,-0.701990369634292,0.0121459668503705,6.46701530609695,-4.7340306121939,0,12.587,6,10
2025-04-20 22:45:02.758,1.14646,-4.486212,3.29961,-6.333765,344.309671622937,-78.6939181029244,35.724371329987,24.9973096716229,-0.397672953692995,-0.702796337135528,0.0123235297664389,6.46309671622937,-4.72309671622937,0,12.587,6,10
2025-04-20 22:45:03.774,1.498741,-2.276329,7.245777,-5.515734,345.325394937999,-78.6939709205368,35.7244301729064,24.998,-0.400968712075206,-0.702745861615919,0.0123799478043208,6.47,-4.73,0,12.587,6,10
2025-04-20 22:45:04.794,1.865128,-5.544273,6.960243,-7.245329,346.344835789387,-78.6940240004282,35.7244893004758,24.9976551642106,-0.401327527856166,-0.702647878053452,0.0124572580783376,6.47689671578775,-4.73344835789387,0,12.587,6,10
2025-04-20 22:45:05.816,1.443348,-3.771191,7.566319,-4.664124,347.365518852245,-78.6940773531879,35.724548646301,24.9966344811478,-0.399159713068088,-0.702449211522169,0.0121951328537668,6.48268962295509,-4.73634481147755,0,12.587,6,10
2025-04-20 22:45:06.899,3.099884,-2.883215,7.296108,-5.25828,348.447379123114,-78.6941339084523,35.7246116479891,24.9968947582462,-0.397307410477371,-0.702421218777553,0.0120360555907363,6.46552620876886,-4.73,0,12.587,6,10
2025-04-20 22:45:07.969,2.673496,-4.284676,7.571045,-5.876244,349.516290837048,-78.6941895471235,35.7246736964976,24.998,-0.399151948011519,-0.702692932967705,0.0120310716395815,6.46,-4.72483709162952,0,12.587,6,10
2025-04-20 22:45:08.926,3.504852,-5.213634,7.697758,-5.948217,350.473013179343,-78.6942392966853,35.7247291874631,24.9975269868207,-0.400183049324028,-0.702463127527195,0.0118646028734083,6.46473013179343,-4.72473013179343,0,12.587,6,10
2025-04-20 22:45:09.934,2.988129,-3.501875,6.935669,-5.353268,351.480669622923,-78.6942918390213,35.724787723039,24.9965193303771,-0.398371200608808,-0.70248143116667,0.0118346052792409,6.47,-4.73480669622923,0,12.587,6,10
2025-04-20 22:45:10.912,4.349396,-2.376171,5.7164,-7.744953,352.457474898048,-78.6943428801897,35.7248445792916,24.9969149497961,-0.396653788143243,-0.702374495383236,0.0116486349056182,6.46542525101952,-4.73085050203905,0,12.587,6,10
2025-04-20 22:45:11.960,5.033649,-4.201418,6.042542,-4.461866,353.505143687465,-78.6943975685005,35.7249054488482,24.998,-0.396623051806491,-0.702405046175933,0.0119280150482974,6.46,-4.72505143687465,0,12.587,6,10
2025-04-20 22:45:13.009,4.786846,-3.393848,6.400463,-7.033623,354.552466185132,-78.6944521282416,35.7249662430387,24.998,-0.398440689832673,-0.702628599813109,0.0122120670874951,6.46,-4.72447533814868,0,12.587,6,10
2025-04-20 22:45:13.967,4.960442,-2.995333,0.832226,-5.060301,355.50973431333,-78.6945018552109,35.7250217136167,24.998,-0.400133713801163,-0.702392313938637,0.0117342277859865,6.47019468626659,-4.73019468626659,0,12.587,6,10
2025-04-20 22:45:14.982,4.378838,-4.453751,2.745594,-5.676821,356.524382940989,-78.6945547252278,35.7250806190872,24.998,-0.399111613209763,-0.702666066786362,0.0117234820092197,6.47475617059011,-4.74,0,12.587,6,10
2025-04-20 22:45:16.069,3.706802,-2.569721,3.092037,-5.018435,357.610559862171,-78.6946114712248,35.725143834584,24.9967788802757,-0.396531601256693,-0.702591487600521,0.0117479314287942,6.47610559862171,-4.73389440137829,0,12.587,6,10
2025-04-20 22:45:17.022,5.833607,-2.706423,5.518513,-5.441959,358.563171174052,-78.6946613101695,35.7251993328794,24.9965631711741,-0.395680703965505,-0.702451026766289,0.0114763785206263,6.46310486477845,-4.72436828825948,0,12.587,6,10
2025-04-20 22:45:18.070,5.812225,-3.143011,4.628452,-6.403006,359.610256953452,-78.6947158723359,35.7252601338776,24.9976102569535,-0.396860299680715,-0.702065282239473,0.0113630675299286,6.45610256953452,-4.72,0,12.587,6,10
2025-04-20 22:45:19.061,5.449104,-3.368011,5.841747,-4.00868,360.600379260442,-78.6947673197215,35.7253174619592,24.998,-0.400522724520489,-0.70244402691861,0.0119246479277293,6.46600379260442,-4.72600379260442,0,12.587,6,10
2025-04-20 22:45:20.152,5.062759,-4.016853,4.146908,-4.89595,361.68945899399,-78.6948239518677,35.7253805196758,24.998,-0.401393630557164,-0.702440519428889,0.0118292789121427,6.4837891798798,-4.7437891798798,0,12.587,6,10
2025-04-20 22:45:21.146,6.912231,-3.08395,4.51709,-4.808578,362.683111193755,-78.6948759633377,35.7254384620048,24.9986831111938,-0.398200083563556,-0.702545301632352,0.0116335940174795,6.4763377761249,-4.73633777612489,0,12.587,6,10
2025-04-20 22:45:22.142,6.145618,-1.359505,4.424484,-7.763292,363.678705883293,-78.6949278927059,35.7254962970706,24.9976425882334,-0.397249833079231,-0.701595114208565,0.0113194053024959,6.46321294116707,-4.73,0,12.587,6,10
2025-04-20 22:45:23.151,5.898273,-2.770231,3.57671,-3.984201,364.686845705047,-78.6949804533458,35.72555487442,24.996313154295,-0.397247952957127,-0.702423038118553,0.0117322664610595,6.45313154294953,-4.72313154294953,0,12.587,6,10
2025-04-20 22:45:24.210,7.153416,-3.597322,4.352154,-4.268461,365.744772056363,-78.6950355281469,35.7256162223021,24.9974895441127,-0.398372263274729,-0.703346956389639,0.0124698673006963,6.45744772056363,-4.72,0,12.587,6,10
2025-04-20 22:45:25.247,7.137672,-1.554903,3.776531,-16.253033,366.781104669173,-78.6950894174428,35.7256763040708,24.998,-0.400553198875536,-0.702633749518784,0.0121576062150353,6.46781104669173,-4.72781104669173,0,12.587,6,10
2025-04-20 22:45:26.325,8.163143,-1.178083,2.142632,-2.819849,367.858294311507,-78.6951456029631,35.7257389527289,24.998,-0.40052786393983,-0.702545261912845,0.0117729465457549,6.47858294311507,-4.73858294311507,0,12.587,6,10
2025-04-20 22:45:27.268,7.717922,-1.972782,3.530849,-4.066658,368.800411528802,-78.695194861523,35.725793783951,24.9988004115288,-0.397137832898221,-0.702473269567815,0.0115438679548339,6.46399176942395,-4.72399176942395,0,12.587,6,10
2025-04-20 22:45:28.303,7.225754,0.001013,3.106068,-4.049532,369.835227897474,-78.6952488153735,35.7258539267408,24.9981647721025,-0.399338205829023,-0.702496197448244,0.0118985612154418,6.46,-4.72835227897474,0,12.587,6,10
2025-04-20 22:45:29.266,8.624668,-1.527637,3.637321,-2.343225,370.797318544981,-78.6952989402962,35.7259096647438,24.99640536291,-0.399260220641688,-0.703337410436093,0.0123160899338326,6.46,-4.73,0,12.587,6,10
2025-04-20 22:45:30.363,8.534466,-0.848585,4.208378,-2.753225,371.893950829685,-78.6953559854431,35.7259732491481,24.9968939508297,-0.401153400762323,-0.701985087221835,0.0118159633078992,6.47787901659371,-4.73,0,12.587,6,10
2025-04-20 22:45:31.304,9.207016,-1.923866,2.693665,-4.660622,372.834517835494,-78.6954052287346,35.7260281358416,24.998669035671,-0.396032953212057,-0.702763405567311,0.0113346355366743,6.47165482164506,-4.73,0,12.587,6,10
2025-04-20 22:45:32.321,10.012138,-2.611389,2.881618,-3.284771,373.85151411562,-78.695458178734,35.7260871878187,24.9981484858844,-0.399327101517252,-0.702071610715668,0.0114545727603038,6.4614848588438,-4.73,0,12.587,6,10
2025-04-20 22:45:33.329,8.924229,-1.545837,3.042305,-4.066095,374.858523030437,-78.6955107149022,35.7261456801881,24.9988585230304,-0.39631683644205,-0.703176785569605,0.0119725916165463,6.46,-4.73,0,12.587,6,10
2025-04-20 22:45:34.358,10.926182,-1.809078,1.192898,-2.665289,375.886159540937,-78.6955641802961,35.7262052086374,24.9981138404591,-0.401637356777093,-0.702017213032334,0.0118230988839031,6.46886159540937,-4.73,0,12.587,6,10
2025-04-20 22:45:35.381,11.94751,0.009504,2.112,-2.47455,376.908123378576,-78.6956175948527,35.726264743593,24.9989081233786,-0.393395362351419,-0.702795551206113,0.0114993956042839,6.47,-4.73,0,12.587,6,10
2025-04-20 22:45:36.393,12.552273,-1.273525,2.538486,-3.748358,377.919127884794,-78.69567019465,35.7263234094173,24.9980808721152,-0.400457802347211,-0.702365040168064,0.0119230872032514,6.46080872115206,-4.72080872115206,0,12.587,6,10
2025-04-20 22:45:37.407,14.003124,-0.377878,1.140572,-3.694391,378.932626859914,-78.6957230831221,35.7263822856206,24.9970673731401,-0.394822186550076,-0.702422897539278,0.0115020356358254,6.46932626859914,-4.72932626859914,0,12.587,6,10
2025-04-20 22:45:38.485,12.104305,-1.686975,1.104996,-2.851082,380.009570979519,-78.6957792976909,35.7264448551168,24.998,-0.39814021191013,-0.702448676121119,0.0115730371159101,6.46,-4.72,0,12.587,6,10
2025-04-20 22:45:39.423,13.095047,-0.995033,1.906519,-2.203581,380.947277181722,-78.6958280584134,35.7264992420765,24.998,-0.396504123729351,-0.702975231309474,0.0120824580218183,6.46,-4.72,0,12.587,6,10
2025-04-20 22:45:40.449,13.642727,-0.483482,0.118206,-3.685171,381.973070629875,-78.6958814969798,35.7265586407895,24.998,-0.40254007443186,-0.702249683165493,0.0125335009709514,6.46973070629875,-4.72973070629875,0,12.587,6,10
2025-04-20 22:45:41.446,14.203926,-1.412218,1.102011,-1.178333,382.969358262476,-78.6959334035655,35.726616519715,24.998,-0.396698846611918,-0.702561933978881,0.0118379533141553,6.48938716524951,-4.73969358262476,0,12.587,6,10
2025-04-20 22:45:42.535,13.884869,-1.086042,1.444353,-7.46026,384.056786498902,-78.695990352898,35.7266800879383,24.9970567864989,-0.397080777616696,-0.702459920659164,0.0115180683880858,6.46,-4.72056786498902,0,12.587,6,10
2025-04-20 22:45:43.530,16.427391,0.49379,0.651285,-3.536814,385.050188006373,-78.6960420248327,35.726737620942,24.998,-0.396093906862807,-0.702750703428918,0.011867953933916,6.45949811993627,-4.72949811993627,0,12.587,6,10
2025-04-20 22:45:44.580,16.372715,0.912035,2.018383,-1.595356,386.100104027285,-78.6960969054094,35.7267986960232,24.998,-0.397722825148034,-0.702614556224823,0.012243278438831,6.4520020805457,-4.72100104027285,0,12.587,6,10
2025-04-20 22:45:45.594,17.070248,-0.301956,1.049442,-3.542208,387.113680927851,-78.6961496227763,35.7268574048619,24.998,-0.397672615145267,-0.70270688663364,0.0119980486545476,6.46886319072149,-4.72886319072149,0,12.587,6,10
2025-04-20 22:45:46.629,15.609058,1.183167,1.931656,-3.464334,388.14649784515,-78.6962034032382,35.7269173822252,24.9978535021549,-0.400816544471088,-0.702342707018315,0.0118946163728349,6.462929956903,-4.72292995690301,0,12.587,6,10
2025-04-20 22:45:47.679,18.66888,-0.17417,-3.477684,-5.057358,389.195132987783,-78.6962579249686,35.7269781762532,24.9971951329878,-0.391401827218632,-0.702340555599392,0.010948585344221,6.46829202073305,-4.73024335061087,0,12.587,6,10
2025-04-20 22:45:48.648,19.83633,-2.360958,0.849823,-3.370838,390.163269894724,-78.6963080838978,35.7270339982093,24.9981632698947,-0.334609755405769,-0.701807031513369,0.00695936363141317,6.29754757895683,-4.60183425684892,0,12.587,6,10
2025-04-20 22:45:49.669,17.84201,1.508379,-1.493156,-1.633888,391.183433762946,-78.6963567225614,35.7270881480134,24.9975325298964,-0.210583890958398,-0.701523227755524,0.000159304350127158,5.48289756179494,-4.01425901541986,0,12.587,6,10
2025-04-20 22:45:50.669,18.119984,0.928699,-0.328764,-2.278812,392.183479720615,-78.6963971731788,35.7271329153578,24.9904495608382,-0.103342849398307,-0.701608743694475,-0.00159428280920245,4.43349392967414,-3.25220744027098,0,12.587,6,10
2025-04-20 22:45:51.675,19.788601,1.216198,0.750854,-3.141619,393.188585354931,-78.6964285374632,35.727167590068,24.988,0.00396443510073599,-0.701694187332473,-0.00435486567054672,3.22106733149136,-2.36518635216782,0,12.587,6,10
2025-04-20 22:45:52.739,19.218204,0.363586,-0.452194,-1.77334,394.251758220681,-78.6964500700437,35.7271913469778,24.988755274662,0.091554971049452,-0.497570428058783,0.0194588729549885,1.7773978333926,-1.29306595725126,-0.00251758220680673,12.587,6,10
2025-04-20 22:45:53.743,19.542271,0.158913,-1.175695,-3.436613,395.254561138193,-78.6964588800172,35.7272011072978,24.9907454388618,0.0701864882970133,0.485681544786985,0.0808485094811432,0.473987923591372,-0.324900151229977,-0.00745438861806977,12.587,6,10
2025-04-20 22:45:54.821,15.736595,0.282249,-0.787483,-1.304815,396.332649061399,-78.6964587020528,35.7272015349072,24.9886694037544,-0.106643474490009,1.81743218398247,0.00348252704846403,-0.223080152717506,0.302915927453185,0,12.587,6,10
2025-04-20 22:45:55.837,18.135948,0.891399,0.336683,-1.438065,397.347245308894,-78.696449442573,35.727196666445,24.9853055093822,-0.290978752551049,2.07811814139951,-0.00783523479162123,-0.851969839783232,1.48435703883328,0,12.587,6,10
2025-04-20 22:45:56.854,18.368713,0.658068,-0.629225,-1.624609,398.363765940136,-78.6964200489348,35.7271835975769,24.9850912978204,-0.295998450230147,1.77301052420335,0.0685584472397043,-1.86828807091125,3.53293848242114,-0.00363765940135666,12.587,6,10
2025-04-20 22:45:57.900,19.730488,1.688807,1.210743,-2.893724,399.409620389339,-78.696372510525,35.727163302782,24.9820845553279,-0.165624204928473,1.86279895303062,0.0168775536763031,-2.23434425205132,4.34061258197037,-0.00590379610661367,12.587,6,10
2025-04-20 22:45:58.918,18.522289,0.516867,0.900766,-2.887787,400.427038536638,-78.6963266611624,35.7271443246796,24.9715836917069,-0.0369160723262322,1.89076294224564,-0.00961034150848423,-1.7793991902155,3.55733915116376,0,12.587,6,10
2025-04-20 22:45:59.931,20.15239,-0.42461,-0.030981,-2.065653,401.438087898842,-78.6962927601849,35.7271306753122,24.9455336929568,0.118407208857055,1.83027435971751,-0.024893566425053,-1.10200616497299,2.21401232994598,0.131426369652504,12.587,6,10
2025-04-20 22:46:00.953,20.673779,0.229,-0.329035,-1.975855,402.460123189825,-78.6962755171746,35.727123849692,24.5213738103708,0.155250038073959,1.87491927267968,-0.0231999666098228,-0.381533477494476,0.75466202739595,0.8107367407058,12.587,6,10
2025-04-20 22:46:01.990,20.033772,1.799505,0.385138,-1.218086,403.4960409274,-78.6962719992082,35.7271224503959,23.2752315802724,0.0338197057649097,1.8576977853394,-0.00248440931938132,-0.0403959072599984,0.0309501774239962,1.45960409274,12.587,6,10
2025-04-20 22:46:02.990,19.457123,2.890511,2.727745,-1.655067,404.495770669647,-78.6962729428101,35.7271225487312,21.7304116648159,0.00146952723181522,1.8542719713269,-0.00120685753343273,0.0149577066964649,-0.0800845866070702,1.47033834642828,12.587,6,10
2025-04-20 22:46:03.998,20.520702,1.797272,0.214451,-1.825653,405.50264201717,-78.6962743529062,35.7271228005284,20.2195766045031,-0.00754629874820529,1.86589953554442,-0.00172076284060293,0.0149735798283039,-0.0348150587981274,1.4350264201717,12.587,6,10
2025-04-20 22:46:05.024,21.340889,-1.041344,1.025896,-1.739038,406.52828442995,-78.6962751113138,35.7271229528284,18.6885733550748,-0.00618320988336332,1.85690782421995,-0.00169731339451683,0.00471715570049888,0.0158485328985034,1.4452828442995,12.587,6,10
2025-04-20 22:46:06.069,18.723053,0.183073,-2.814926,-1.744677,407.572958457843,-78.6962753572958,35.727123,17.1250000639833,-0.00236096677481587,1.86090702069283,-0.00204542378222953,0.00572958457842511,0.03,1.45,12.587,6,10
2025-04-20 22:46:07.029,20.146496,1.189169,0.448187,-1.804609,408.532464780638,-78.6962754,35.727123,15.6883028290431,-0.000366357730691867,1.86156295428672,-0.00172855537590233,0.01,0.0246753521936203,1.45532464780638,12.587,6,10
2025-04-20 22:46:08.082,20.321533,0.223349,-1.37356,-2.881756,409.584394958571,-78.6962754,35.727123,14.1168359066876,0.000379959384229631,1.85974074961408,-0.00156562549137082,0.0158439495857114,0.0141560504142886,1.46,12.587,6,10
2025-04-20 22:46:09.070,19.016388,-0.66333,1.386999,-1.282387,410.572790134367,-78.6962754,35.727123,12.6370964280466,0.000268357697888972,1.86047886220295,-0.00162565708539536,0.02,0.0042720986563313,1.46572790134367,12.587,6,10
2025-04-20 22:46:10.125,18.663403,-0.28182,-0.21023,-0.883707,411.626851278156,-78.6962754,35.727123,11.1500044770451,-0.000209527186525787,1.86044182240042,-0.00151172509637879,0.02,0,1.12523179701397,12.587,6,10
2025-04-20 22:46:11.100,18.903893,-13.868784,-0.42412,-3.168495,412.600429292576,-78.6962754,35.727123,10.3167638890831,0.000280286500482737,1.86077955970246,-0.00140021989111347,0.02,0,0.613781060786138,12.587,6,10
2025-04-20 22:46:12.162,20.087948,1.353638,0.039146,-0.70092,413.661763500451,-78.6962754,35.727123,9.79391231679352,0.000351334053961884,1.86066734136302,-0.00137455559834717,0.0133823649954918,0,0.476176350045082,12.587,6,10
2025-04-20 22:46:13.154,21.624729,-1.595913,-0.197302,-2.736835,414.65299585291,-78.6962754,35.7271230652996,9.30531911916291,-0.000708333056320045,1.86070988580559,-0.000980940947052808,0.01,0,0.51,12.587,6,10
2025-04-20 22:46:14.193,20.967621,0.894945,1.010433,-2.906507,415.690802090325,-78.6962754,35.7271231,8.77983574647617,-0.00100848944664072,1.86095015661196,-0.000800926724844333,0.01,0.00690802090325065,0.503091979096749,12.587,6,10
2025-04-20 22:46:15.206,18.537487,0.541883,0.032913,-2.117472,416.703903694343,-78.6962754703904,35.7271231,8.27064034543986,-0.00129295734434956,1.86080334049702,-0.000821548439540379,0.01,0.01,0.5,12.587,6,10
2025-04-20 22:46:16.242,21.567493,-0.869026,-0.495115,-1.827492,417.7390513849,-78.6962755,35.7271231,7.74951810201016,-0.0010595941862298,1.86049434686322,-0.00113235998898424,0.01,0.01,0.5,12.587,6,10
2025-04-20 22:46:17.309,20.656609,1.50893,-0.193243,-2.014107,418.805736726139,-78.6962755,35.7271231,7.21432590020436,-0.000784108635951023,1.86048758294945,-0.00134818749124745,0.00194263273860994,0.01,0.5,12.587,6,10
2025-04-20 22:46:18.336,21.402649,-0.01186,0.819273,-1.208702,419.832198250099,-78.6962755,35.7271231,6.69923647845008,-0.000899899900769639,1.86077565737,-0.00108608215836892,0,0.01,0.491678017499006,12.587,6,10
2025-04-20 22:46:19.353,18.533432,0.056538,2.44265,-1.985754,420.847180307059,-78.6962755,35.7271231,6.19225702677781,-0.000455601714150313,1.86093028885174,-0.00105765722545688,0.00847180307058499,0.01,0.49,12.587,6,10
2025-04-20 22:46:20.434,19.204636,-1.071033,0.540619,-3.070566,421.926628835456,-78.6962755,35.7271231,5.65083232460099,8.10455377949536e-05,1.86130589217429,-0.000774347273903264,0.01,0.01,0.49,12.587,6,10
2025-04-20 22:46:21.421,19.718197,-0.138968,-0.490103,-2.738949,422.912789024561,-78.6962755,35.7271231,5.15669269869502,-0.000383448997514709,1.86094933333637,-0.000600301209452882,0.01,0.01,0.49,12.587,6,10
2025-04-20 22:46:22.442,20.009369,0.60368,-1.557119,-3.017099,423.933931134002,-78.6962755,35.7271231,4.64416657073074,-0.000512503997033887,1.86106397465971,-0.00131603253821665,0.01,0.01,0.49,12.587,6,10
2025-04-20 22:46:23.439,20.228264,0.014454,-0.685047,-2.366127,424.929752718222,-78.6962755,35.7271231,4.14705339360731,-0.000969474466241913,1.86112212349932,-0.00140903937001674,0.01,0.01,0.49,12.587,6,10
2025-04-20 22:46:24.554,18.91851,0.326948,1.131393,-3.231956,426.043472092903,-78.6962755,35.7271231,3.58930742564167,-0.000886991270832818,1.86123348899665,-0.00142948661487978,0.01,0.01,0.49,12.587,6,10
2025-04-20 22:46:25.564,19.744999,-0.76009,0.890705,-2.595337,427.051705539708,-78.6962755,35.7271231,3.08604381906656,-0.000829476687638226,1.86113194935868,-0.00113006205718259,0.01,0.01,0.49,12.587,6,10
2025-04-20 22:46:26.573,19.994869,0.953039,0.540266,-1.661701,428.060378124213,-78.6962755,35.7271231,2.57981093789359,-0.000841642111774674,1.86105937663519,-0.000647768594289077,0.00939621875787183,0.01,0.49,12.587,6,10
2025-04-20 22:46:27.600,20.216499,-0.670206,-1.755489,-2.197151,429.086422701987,-78.6962755,35.7271231,2.06670222630429,-0.000943674368578884,1.86133259970507,-0.000651506022927557,0,0.01,0.49,12.587,6,10
2025-04-20 22:46:28.645,20.13858,-0.298811,-1.351999,-2.194794,430.130425193676,-78.6962755,35.7271231,1.54391782835576,-0.000512840183027002,1.86146935710184,-0.000799327224994775,0,0.01,0.49,12.587,6,10
2025-04-20 22:46:29.671,20.715591,0.886076,1.319683,-2.016085,431.154973782218,-78.6962755,35.7271231,1.03220316132682,-0.000146247770014934,1.86102162405064,-0.000811580928586984,0,0.01,0.49,12.587,6,10
2025-04-20 22:46:30.684,20.203896,-0.750273,0.290461,-1.407066,432.16763206777,-78.6962755,35.7271231,0.524351598182635,-0.000197847357929573,1.86118426768419,-0.000960565902463296,0.00167632067770271,0.01,0.49,12.587,6,10
2025-04-20 22:46:31.696,20.054996,-0.181076,-1.269281,-2.057211,433.178075883412,-78.6962755,35.7271231,0.0949320052104655,-0.000619996663333795,1.86092430573825,-0.00111378891310021,0.01,0.01,0.404523575962322,12.587,6,10
2025-04-20 22:46:32.702,19.511887,-0.008726,1.342041,-2.094765,434.183438868195,-78.6962754816561,35.7271231,0.0279821724498573,-0.00078916772591757,1.86094742522733,-0.00104362674548244,0.01,0.01,0.01,12.587,6,10
