num,Longitude,Latitude,Altitude,Pitch,Yaw,Roll,VelocityX,VelocityY,VelocityZ,BatteryVolts,time,GPSFix,NumberOfSatellites
1,-78.6962896,35.727488,0.455,0.035558126866817474,0.6323660612106323,-0.0444917157292366,0.0,0.0,0.01,44.632,2025-05-24 16:18:34.118984,4,29
2,-78.6962897,35.727488,0.483,0.035855188965797424,0.6327325105667114,-0.04448501765727997,0.0,0.0,-0.05,44.628,2025-05-24 16:18:35.121010,4,29
3,-78.6962898,35.7274881,0.478,0.035706400871276855,0.6328639984130859,-0.04451597481966019,0.0,0.0,-0.05,44.628,2025-05-24 16:18:36.122283,4,29
4,-78.6962899,35.7274881,0.463,0.035983309149742126,0.6329067945480347,-0.044636476784944534,0.0,0.0,-0.03,44.628,2025-05-24 16:18:37.123157,4,29
5,-78.69629,35.7274881,0.41,0.036090053617954254,0.6326817274093628,-0.04445642977952957,0.0,0.0,-0.01,44.632,2025-05-24 16:18:38.124348,4,29
6,-78.6962901,35.7274881,0.354,0.03618892654776573,0.6327460408210754,-0.04473505914211273,0.0,0.0,0.0,44.625,2025-05-24 16:18:39.125471,4,29
7,-78.6962901,35.7274882,0.353,0.03641694039106369,0.6328783631324768,-0.04467495158314705,0.0,0.0,0.0,44.628,2025-05-24 16:18:40.126171,4,29
8,-78.6962902,35.7274883,0.249,0.036296095699071884,0.6329379081726074,-0.0450015664100647,0.0,0.0,0.02,44.633,2025-05-24 16:18:41.126431,4,29
9,-78.6962902,35.7274883,0.176,0.03620864078402519,0.6327880024909973,-0.04484814405441284,0.0,0.0,0.03,44.631,2025-05-24 16:18:42.128495,4,29
10,-78.6962902,35.7274884,0.186,0.036209963262081146,0.6331924796104431,-0.04480830207467079,0.0,0.0,0.02,44.631,2025-05-24 16:18:43.128950,4,29
11,-78.6962902,35.7274884,0.193,0.036123987287282944,0.6326912641525269,-0.044547416269779205,0.0,0.0,0.01,44.633,2025-05-24 16:18:44.129976,4,29
12,-78.6962902,35.7274884,0.11,0.036061227321624756,0.6332191228866577,-0.044583141803741455,-0.01,0.0,0.02,44.629,2025-05-24 16:18:45.130575,4,29
13,-78.6962902,35.7274884,0.044,0.035727597773075104,0.6328172087669373,-0.044718045741319656,0.0,0.0,0.03,44.628,2025-05-24 16:18:46.130853,4,29
14,-78.6962903,35.7274884,0.024,0.03581196069717407,0.6332017183303833,-0.044700805097818375,0.0,0.0,0.02,44.639,2025-05-24 16:18:47.131254,4,29
15,-78.6962904,35.7274883,0.005,0.0358988419175148,0.6332915425300598,-0.04464846849441528,0.0,0.0,0.02,44.636,2025-05-24 16:18:48.131859,4,29
16,-78.6962905,35.7274883,0.009,0.036069538444280624,0.6331851482391357,-0.04474117234349251,0.0,0.0,0.01,44.623,2025-05-24 16:18:49.132727,4,29
17,-78.6962906,35.7274883,0.01,0.03600284829735756,0.633176326751709,-0.04447433724999428,0.0,0.0,0.01,44.63,2025-05-24 16:18:50.133873,4,29
18,-78.6962905,35.7274883,0.017,0.035926055163145065,0.6330056190490723,-0.04437999799847603,0.0,0.0,0.0,44.635,2025-05-24 16:18:51.134761,4,29
19,-78.6962905,35.7274883,0.031,0.035916607826948166,0.6328099966049194,-0.0446530357003212,0.0,0.0,0.0,44.634,2025-05-24 16:18:52.136614,4,29
20,-78.6962906,35.7274883,0.054,0.035832349210977554,0.6327886581420898,-0.04490731284022331,0.0,0.0,0.0,44.632,2025-05-24 16:18:53.137618,4,29
21,-78.6962906,35.7274883,0.035,0.036110084503889084,0.6325339078903198,-0.04504499211907387,0.0,0.0,0.0,44.634,2025-05-24 16:18:54.138180,4,29
22,-78.6962907,35.7274883,0.061,0.03587227314710617,0.6322163939476013,-0.04509498178958893,0.0,0.0,0.0,44.639,2025-05-24 16:18:55.138804,4,29
23,-78.6962907,35.7274883,0.108,0.03601871430873871,0.6321597695350647,-0.04506164789199829,0.0,0.0,-0.01,44.637,2025-05-24 16:18:56.139514,4,29
24,-78.6962907,35.7274883,0.208,0.03589598461985588,0.6320899724960327,-0.04490319639444351,0.0,0.0,-0.02,44.633,2025-05-24 16:18:57.140274,4,29
25,-78.6962907,35.7274883,0.296,0.03577796742320061,0.6322495937347412,-0.04504707083106041,0.0,0.0,-0.03,44.633,2025-05-24 16:18:58.140614,4,29
26,-78.6962907,35.7274883,0.387,0.03577473759651184,0.6322245001792908,-0.0451103076338768,0.0,0.0,-0.03,44.638,2025-05-24 16:18:59.141839,4,29
27,-78.6962908,35.7274884,0.433,0.03563453629612923,0.6323432922363281,-0.04522731900215149,0.0,0.0,-0.03,44.632,2025-05-24 16:19:00.142451,4,29
28,-78.6962908,35.7274883,0.464,0.03567568585276604,0.6322576403617859,-0.04494969919323921,0.0,0.0,-0.03,44.639,2025-05-24 16:19:01.143427,4,29
29,-78.6962908,35.7274883,0.499,0.03547411784529686,0.6323531270027161,-0.04496406391263008,0.0,0.0,-0.03,44.638,2025-05-24 16:19:02.144294,4,29
30,-78.6962909,35.7274884,0.526,0.035369329154491425,0.6321260929107666,-0.04481121152639389,0.0,0.0,-0.03,44.635,2025-05-24 16:19:03.145429,4,29
31,-78.6962908,35.7274884,0.532,0.03536621853709221,0.6321234703063965,-0.04474448412656784,0.0,0.01,-0.02,44.641,2025-05-24 16:19:04.147238,4,29
32,-78.6962908,35.7274886,0.539,0.03545849397778511,0.6320579648017883,-0.04467090591788292,0.0,0.0,-0.02,44.643,2025-05-24 16:19:05.147988,4,29
33,-78.6962908,35.7274886,0.514,0.03560598939657211,0.6319484114646912,-0.0446755550801754,0.0,0.0,-0.01,44.635,2025-05-24 16:19:06.148386,4,29
34,-78.6962908,35.7274887,0.456,0.035562459379434586,0.6324040293693542,-0.04483738914132118,0.0,0.0,0.0,44.644,2025-05-24 16:19:07.149503,4,29
35,-78.6962908,35.7274888,0.427,0.035645030438899994,0.6324053406715393,-0.04475517198443413,0.0,0.0,0.0,44.638,2025-05-24 16:19:08.150382,4,29
36,-78.6962908,35.7274888,0.437,0.035620011389255524,0.6321396231651306,-0.04482452943921089,0.0,0.0,0.0,44.633,2025-05-24 16:19:09.150982,4,29
37,-78.6962908,35.7274888,0.415,0.03570755943655968,0.6320372819900513,-0.04482622072100639,0.0,0.0,0.0,44.634,2025-05-24 16:19:10.152202,4,29
38,-78.6962909,35.7274888,0.408,0.035351626574993134,0.6318042278289795,-0.04457388073205948,0.0,0.0,0.0,44.632,2025-05-24 16:19:11.152877,4,29
39,-78.6962909,35.7274888,0.38,0.035462211817502975,0.6319007277488708,-0.044690415263175964,0.0,0.0,0.01,44.641,2025-05-24 16:19:12.154074,4,29
40,-78.6962909,35.7274888,0.349,0.0352691151201725,0.6317750215530396,-0.04482048749923706,0.0,0.0,0.01,44.638,2025-05-24 16:19:13.155120,4,29
41,-78.6962909,35.7274888,0.327,0.035400550812482834,0.6319546103477478,-0.04483310878276825,0.0,0.0,0.01,44.642,2025-05-24 16:19:14.155700,4,29
42,-78.6962909,35.7274889,-0.003,0.035156745463609695,0.6316467523574829,-0.04481581225991249,0.0,0.0,0.01,44.638,2025-05-24 16:19:15.156753,4,29
43,-78.6962909,35.7274889,-0.016,0.03546810895204544,0.6317782402038574,-0.045042745769023895,0.0,0.0,0.01,44.638,2025-05-24 16:19:16.158437,4,29
44,-78.6962909,35.7274889,-0.032,0.03560220077633858,0.6320228576660156,-0.04510888084769249,0.0,0.0,0.01,44.447,2025-05-24 16:19:17.160624,4,29
45,-78.6962908,35.7274889,-0.035,0.03529771789908409,0.6322484612464905,-0.04528491944074631,0.0,0.0,0.01,44.585,2025-05-24 16:19:18.162763,4,29
46,-78.6962907,35.7274889,-0.034,0.03540060296654701,0.6318277716636658,-0.04477157071232796,0.01,0.0,0.01,44.44,2025-05-24 16:19:19.163133,4,29
47,-78.6962904,35.7274889,0.049,-0.01610412262380123,0.6224789619445801,0.005432206206023693,0.02,0.11,-0.41,43.222,2025-05-24 16:19:20.163946,4,29
48,-78.6962876,35.727489,1.535,0.01533101499080658,0.6280262470245361,-0.02124566212296486,0.07,0.37,-2.12,43.286,2025-05-24 16:19:21.164723,4,29
49,-78.6962832,35.7274894,4.359,0.05788812041282654,0.583796501159668,-0.07516272366046906,-0.02,0.4,-2.44,43.489,2025-05-24 16:19:22.164806,4,29
50,-78.6962796,35.7274891,6.742,0.06800465285778046,0.5740203261375427,-0.10878962278366089,-0.05,0.16,-2.17,43.27,2025-05-24 16:19:23.166765,4,29
51,-78.6962786,35.7274887,9.117,0.07570044696331024,0.5752936005592346,-0.1327388435602188,-0.02,-0.02,-2.31,43.16,2025-05-24 16:19:24.167851,4,29
52,-78.6962801,35.7274889,11.619,0.08649375289678574,0.5709244608879089,-0.12560021877288818,-0.01,-0.29,-2.36,43.175,2025-05-24 16:19:25.168844,4,29
53,-78.6962847,35.7274883,14.068,0.05380301550030708,0.5754738450050354,-0.10419569909572601,-0.11,-0.42,-2.41,43.14,2025-05-24 16:19:26.169896,4,29
54,-78.696289,35.7274874,16.536,0.04076329246163368,0.5787050724029541,-0.10008005797863007,-0.06,-0.31,-2.47,43.147,2025-05-24 16:19:27.171026,4,29
55,-78.6962917,35.7274872,18.922,0.025136373937129974,0.5808165073394775,-0.08992254734039307,0.07,-0.18,-2.39,42.967,2025-05-24 16:19:28.171758,4,29
56,-78.6962923,35.727488,21.252,0.0498800054192543,0.5818585753440857,-0.08398120105266571,0.14,0.01,-2.17,43.198,2025-05-24 16:19:29.172879,4,29
57,-78.696292,35.7274888,23.075,0.05376292020082474,0.5836198925971985,-0.09085214138031006,0.02,0.04,-1.5,43.236,2025-05-24 16:19:30.173860,4,29
58,-78.6962913,35.7274891,24.295,0.05568951368331909,0.5804945826530457,-0.08648614585399628,-0.03,0.05,-1.11,43.502,2025-05-24 16:19:31.175656,4,29
59,-78.6962911,35.727489,24.796,0.04730190336704254,0.5849967002868652,-0.09638483822345734,-0.02,0.0,-0.26,43.207,2025-05-24 16:19:32.177250,4,29
60,-78.6962895,35.7274886,24.823,0.04889068379998207,0.5811157822608948,-0.11230213940143585,-0.04,0.15,-0.02,43.141,2025-05-24 16:19:33.178831,4,29
61,-78.6962884,35.727488,24.911,0.051642999053001404,0.5800896883010864,-0.1299283653497696,-0.02,0.06,-0.1,43.216,2025-05-24 16:19:34.181000,4,29
62,-78.6962882,35.7274878,24.977,0.04635987430810928,0.5856605768203735,-0.13286101818084717,0.02,0.0,-0.12,43.334,2025-05-24 16:19:35.182893,4,29
63,-78.6962891,35.7274884,24.993,0.07582687586545944,0.8486906886100769,-0.10528713464736938,0.1,-0.15,-0.17,43.24,2025-05-24 16:19:36.183515,4,29
64,-78.6962914,35.7274893,25.029,-0.004411489237099886,1.2911632061004639,-0.03488444164395332,0.14,-0.19,0.16,43.215,2025-05-24 16:19:37.184028,4,29
65,-78.6962822,35.7274923,24.807,-0.2165389508008957,1.2791818380355835,-0.03524016961455345,0.62,2.1,0.09,43.068,2025-05-24 16:19:38.184356,4,29
66,-78.6962464,35.7275005,24.931,0.006909527350217104,1.2501522302627563,-0.0819241851568222,1.18,3.9,-0.2,43.163,2025-05-24 16:19:39.185242,4,29
67,-78.6962068,35.7275117,25.009,0.13566237688064575,1.237285852432251,-0.0731329619884491,1.21,3.05,0.07,43.007,2025-05-24 16:19:40.186325,4,29
68,-78.6961795,35.7275212,25.039,0.18234145641326904,1.2284653186798096,-0.049808043986558914,0.84,1.76,0.01,43.008,2025-05-24 16:19:41.187327,4,29
69,-78.6961666,35.7275255,25.082,0.15273664891719818,1.2286136150360107,-0.05131957307457924,0.27,0.51,0.03,43.061,2025-05-24 16:19:42.188677,4,29
70,-78.6961634,35.7275261,25.085,0.0795222595334053,1.235278844833374,-0.05807316303253174,0.05,0.05,0.06,43.071,2025-05-24 16:19:43.190240,4,29
71,-78.6961634,35.7275262,25.093,0.05443795770406723,1.2363401651382446,-0.05807212367653847,0.04,-0.04,0.13,43.0,2025-05-24 16:19:44.192180,4,29
72,-78.6961639,35.7275266,25.078,0.05211884528398514,1.2396018505096436,-0.04295170307159424,0.03,-0.03,-0.01,43.153,2025-05-24 16:19:45.192944,4,29
73,-78.6961644,35.7275266,24.941,0.07952430844306946,2.0515124797821045,-0.018944047391414642,0.03,-0.1,0.05,42.894,2025-05-24 16:19:46.193930,4,29
74,-78.6961647,35.7275282,25.069,0.04402897134423256,2.8398051261901855,0.06824357807636261,0.3,0.11,-0.06,43.155,2025-05-24 16:19:47.194293,4,29
75,-78.6961645,35.7275301,25.043,-0.028793444857001305,-2.5660507678985596,0.04801829531788826,0.16,0.0,0.31,42.741,2025-05-24 16:19:48.195467,4,29
76,-78.6961643,35.7275307,25.099,-0.057975735515356064,-1.8688338994979858,0.0029124170541763306,0.05,0.21,-0.09,43.084,2025-05-24 16:19:49.196529,4,29
77,-78.6961627,35.7275295,25.192,-0.08059542626142502,-1.0008604526519775,-0.04301341250538826,-0.18,0.12,0.24,43.049,2025-05-24 16:19:50.197707,4,29
78,-78.6961626,35.7275272,25.025,-0.06757136434316635,-0.2899278700351715,-0.07723483443260193,-0.17,-0.04,0.27,42.79,2025-05-24 16:19:51.197997,4,29
79,-78.6961644,35.7275268,25.049,0.01794026605784893,0.5750709772109985,-0.06803296506404877,0.01,-0.22,-0.08,42.944,2025-05-24 16:19:52.199009,4,29
80,-78.6961663,35.7275269,25.021,0.04354754835367203,1.291337013244629,-0.044975534081459045,0.07,-0.15,-0.03,43.081,2025-05-24 16:19:53.199677,4,29
81,-78.6961683,35.727527,24.978,0.02717440016567707,1.271741509437561,-0.011718225665390491,-0.14,-0.2,-0.01,43.054,2025-05-24 16:19:54.201947,4,29
82,-78.6961706,35.7275251,24.856,0.021391913294792175,1.2714074850082397,-0.024564404040575027,-0.29,-0.26,-0.09,42.992,2025-05-24 16:19:55.203630,4,29
83,-78.6961726,35.7275228,24.98,-0.003782788524404168,1.2706485986709595,-0.048379819840192795,-0.13,-0.12,-0.22,43.202,2025-05-24 16:19:56.205527,4,29
84,-78.6961727,35.7275227,25.029,-0.0031682574190199375,1.261482834815979,-0.011530919000506401,0.11,0.06,0.06,43.054,2025-05-24 16:19:57.207023,4,29
85,-78.6961704,35.727523,24.932,0.023906031623482704,1.2671321630477905,-0.04269581660628319,0.03,0.23,0.03,43.036,2025-05-24 16:19:58.207971,4,29
86,-78.6961675,35.7275229,24.974,0.027489757165312767,0.5316879749298096,-0.058301832526922226,-0.07,0.14,0.05,42.83,2025-05-24 16:19:59.209543,4,29
87,-78.696165,35.7275228,24.967,-0.02382173389196396,-0.5782193541526794,-0.02510329894721508,0.01,0.23,0.02,42.837,2025-05-24 16:20:00.209971,4,29
88,-78.6961644,35.7275253,24.909,-0.34741371870040894,-0.5948168635368347,-0.034147560596466064,1.14,-0.51,0.0,42.726,2025-05-24 16:20:01.210800,4,29
89,-78.6961782,35.7275471,25.039,-0.37985122203826904,-0.5684843063354492,-0.04185048118233681,3.68,-1.91,-0.06,42.893,2025-05-24 16:20:02.211059,4,29
90,-78.6962067,35.7275909,25.144,-0.380940318107605,-0.565707266330719,-0.07104367017745972,5.89,-3.28,0.09,42.798,2025-05-24 16:20:03.211664,4,29
91,-78.6962499,35.7276531,25.062,-0.4059944748878479,-0.5699651837348938,-0.08634373545646667,7.8,-4.57,0.27,42.521,2025-05-24 16:20:04.212833,4,29
92,-78.6963055,35.7277293,25.057,-0.2008170783519745,-0.5794275999069214,-0.07584235072135925,8.78,-5.17,0.14,42.567,2025-05-24 16:20:05.213727,4,29
93,-78.6963623,35.7278087,25.104,-0.1690603494644165,-0.5916458964347839,-0.11250749230384827,8.77,-5.11,0.03,42.79,2025-05-24 16:20:06.214620,4,29
94,-78.6964199,35.7278868,25.039,-0.15658383071422577,-0.5861657857894897,-0.08640214800834656,8.66,-5.31,-0.05,42.905,2025-05-24 16:20:07.215601,4,29
95,-78.696478,35.7279645,24.957,-0.14460192620754242,-0.5901142358779907,-0.09012335538864136,8.65,-5.21,0.02,42.816,2025-05-24 16:20:08.217526,4,29
96,-78.6965357,35.7280423,25.002,-0.13987009227275848,-0.595235288143158,-0.08068232238292694,8.6,-5.07,-0.11,42.993,2025-05-24 16:20:09.218467,4,29
97,-78.6965903,35.7281191,25.049,-0.17248757183551788,-0.5935097336769104,-0.1045999675989151,8.52,-4.79,0.1,42.8,2025-05-24 16:20:10.219159,4,29
98,-78.6966437,35.7281959,25.09,-0.1809079796075821,-0.5945940017700195,-0.10795958340167999,8.58,-4.94,-0.04,42.974,2025-05-24 16:20:11.219485,4,29
99,-78.6966995,35.7282727,24.993,-0.1788451224565506,-0.58344966173172,-0.08381444215774536,8.52,-5.15,0.05,42.837,2025-05-24 16:20:12.220553,4,29
100,-78.6967564,35.7283495,24.931,-0.1760575771331787,-0.5809444785118103,-0.06708581745624542,8.61,-5.17,-0.19,43.088,2025-05-24 16:20:13.221469,4,29
101,-78.6968119,35.7284271,24.945,-0.18852683901786804,-0.5846042633056641,-0.08308397233486176,8.75,-4.94,0.1,42.688,2025-05-24 16:20:14.223078,4,29
102,-78.6968665,35.7285053,24.973,-0.20525860786437988,-0.5858221054077148,-0.09711708128452301,8.68,-5.0,0.01,42.748,2025-05-24 16:20:15.223304,4,29
103,-78.6969219,35.7285833,24.968,-0.18575987219810486,-0.5872785449028015,-0.09585201740264893,8.73,-5.07,-0.11,42.831,2025-05-24 16:20:16.224359,4,29
104,-78.6969786,35.7286619,24.977,-0.1665574461221695,-0.5858944654464722,-0.0965459942817688,8.7,-5.2,-0.07,42.895,2025-05-24 16:20:17.225606,4,29
105,-78.6970352,35.7287393,25.066,-0.18223188817501068,-0.5797680020332336,-0.08131878077983856,8.62,-5.1,0.02,42.913,2025-05-24 16:20:18.226439,4,29
106,-78.6970916,35.7288176,25.003,-0.17712727189064026,-0.5844387412071228,-0.08833231031894684,8.74,-5.07,0.23,42.716,2025-05-24 16:20:19.227437,4,29
107,-78.6971469,35.7288958,24.911,-0.16898535192012787,-0.5916823744773865,-0.08936610817909241,8.62,-4.9,0.09,42.557,2025-05-24 16:20:20.228270,4,29
108,-78.6972011,35.7289737,24.985,-0.19149774312973022,-0.5923395752906799,-0.10718709230422974,8.58,-4.93,0.07,42.571,2025-05-24 16:20:21.230370,4,29
109,-78.6972565,35.7290503,25.016,-0.19659805297851562,-0.5854887962341309,-0.09145939350128174,8.48,-5.06,0.02,42.608,2025-05-24 16:20:22.230845,4,29
110,-78.6973134,35.7291272,25.045,-0.1993972659111023,-0.5856370329856873,-0.06666594743728638,8.57,-5.16,-0.06,42.807,2025-05-24 16:20:23.231719,4,29
111,-78.6973706,35.7292046,24.948,-0.17755506932735443,-0.5852451920509338,-0.06143000349402428,8.7,-5.18,-0.1,42.803,2025-05-24 16:20:24.232278,4,29
112,-78.6974278,35.7292827,24.958,-0.16880962252616882,-0.5815978050231934,-0.04594465717673302,8.7,-5.12,-0.08,42.797,2025-05-24 16:20:25.234285,4,29
113,-78.6974832,35.7293606,25.017,-0.18081976473331451,-0.5849891304969788,-0.05417866259813309,8.65,-4.92,0.02,42.736,2025-05-24 16:20:26.235049,4,29
114,-78.6975368,35.7294382,25.036,-0.19579753279685974,-0.5808128118515015,-0.07129275798797607,8.65,-4.75,0.03,42.79,2025-05-24 16:20:27.235916,4,29
115,-78.6975902,35.7295161,24.944,-0.18383124470710754,-0.5854406356811523,-0.0815829336643219,8.69,-4.97,-0.06,42.746,2025-05-24 16:20:28.237152,4,29
116,-78.697646,35.7295941,25.003,-0.18757125735282898,-0.5837888717651367,-0.06079629436135292,8.64,-5.12,-0.11,42.737,2025-05-24 16:20:29.238362,4,29
117,-78.6977027,35.7296718,24.982,-0.170538991689682,-0.5851390957832336,-0.05529874935746193,8.68,-5.1,-0.01,42.752,2025-05-24 16:20:30.239101,4,29
118,-78.6977576,35.72975,25.011,-0.1971835196018219,-0.5879873037338257,-0.08431556820869446,8.67,-4.87,0.07,42.534,2025-05-24 16:20:31.240096,4,29
119,-78.6978112,35.7298279,25.028,-0.20458078384399414,-0.5812865495681763,-0.08207504451274872,8.61,-4.68,0.23,42.308,2025-05-24 16:20:32.241132,4,29
120,-78.6978637,35.729906,25.302,-0.21617843210697174,-0.5857887268066406,-0.1300232857465744,8.52,-4.93,-0.2,42.98,2025-05-24 16:20:33.241855,4,29
121,-78.6979211,35.7299824,25.317,-0.12193242460489273,-0.5810402035713196,-0.0844515860080719,8.48,-5.39,0.22,42.912,2025-05-24 16:20:34.242943,4,29
122,-78.6979781,35.7300561,25.044,0.013861529529094696,-0.5931954383850098,-0.07636182010173798,7.74,-4.76,0.0,43.053,2025-05-24 16:20:35.243547,4,29
123,-78.6980257,35.730121,24.829,0.09515192359685898,-0.6115713715553284,-0.06753809750080109,6.59,-3.8,0.1,42.723,2025-05-24 16:20:36.244209,4,29
124,-78.6980621,35.7301734,24.913,0.06921077519655228,-0.6172106266021729,-0.09881152212619781,5.1,-2.93,-0.2,43.133,2025-05-24 16:20:37.245581,4,29
125,-78.6980898,35.7302133,24.742,0.08976640552282333,-0.6211677193641663,-0.09536466002464294,3.71,-2.11,-0.13,43.051,2025-05-24 16:20:38.245874,4,29
126,-78.6981098,35.7302406,24.867,0.10585011541843414,-0.6245156526565552,-0.09513819217681885,2.29,-1.49,-0.25,43.166,2025-05-24 16:20:39.246872,4,29
127,-78.6981224,35.7302546,24.823,0.14498461782932281,-0.620721697807312,-0.0477481484413147,0.76,-0.62,0.02,42.947,2025-05-24 16:20:40.249033,4,29
128,-78.698124,35.7302555,24.591,-0.006307588424533606,-0.5965776443481445,-0.04412197321653366,-0.35,0.22,-0.11,42.677,2025-05-24 16:20:41.250637,4,29
129,-78.6981219,35.7302524,24.859,-0.0812353789806366,-0.5988799929618835,-0.04854331538081169,-0.28,0.12,-0.26,42.73,2025-05-24 16:20:42.252158,4,29
130,-78.6981218,35.7302511,25.017,-0.06757790595293045,-0.6009508967399597,-0.03195631504058838,0.05,0.01,0.0,42.68,2025-05-24 16:20:43.252463,4,29
131,-78.6981222,35.7302514,25.004,-0.06045840308070183,-0.026077168062329292,-0.05206630751490593,0.1,-0.02,-0.05,42.654,2025-05-24 16:20:44.252705,4,29
132,-78.698121,35.7302533,24.925,-0.02873413637280464,1.0010238885879517,-0.01724918931722641,0.34,0.41,-0.14,42.665,2025-05-24 16:20:45.253080,4,29
133,-78.6981158,35.7302567,25.012,0.08006854355335236,1.5997765064239502,0.019150106236338615,0.21,0.6,-0.04,42.928,2025-05-24 16:20:46.253603,4,29
134,-78.6981124,35.7302589,24.896,0.02335652895271778,2.5744082927703857,0.07636667788028717,0.23,0.01,-0.09,42.443,2025-05-24 16:20:47.254716,4,29
135,-78.6981137,35.7302591,25.221,-0.046045031398534775,-3.093082904815674,0.1046457588672638,-0.19,-0.35,0.01,43.061,2025-05-24 16:20:48.256647,4,29
136,-78.6981175,35.7302566,25.083,-0.003440003376454115,-2.133209705352783,0.03300168737769127,-0.23,-0.31,0.32,42.384,2025-05-24 16:20:49.257460,4,29
137,-78.6981198,35.7302546,24.909,-0.04516690969467163,-1.5196691751480103,-0.01140288170427084,-0.16,-0.07,-0.07,42.557,2025-05-24 16:20:50.258526,4,29
138,-78.6981191,35.7302521,24.968,-0.06076951324939728,-0.5534920692443848,-0.0471121110022068,-0.25,0.17,0.05,42.192,2025-05-24 16:20:51.259195,4,29
139,-78.6981179,35.7302509,25.053,-0.06645885109901428,-0.5629008412361145,-0.07100304961204529,0.01,0.01,-0.1,42.614,2025-05-24 16:20:52.260466,4,29
140,-78.698119,35.7302517,25.204,0.0023593492805957794,-0.5796781182289124,-0.0689677745103836,0.02,-0.12,-0.08,42.974,2025-05-24 16:20:53.262041,4,29
141,-78.6981208,35.7302512,24.929,-0.03086157515645027,-0.5810356736183167,-0.05666832625865936,-0.19,-0.05,0.21,42.596,2025-05-24 16:20:54.263898,4,29
142,-78.6981201,35.7302504,24.812,-0.06147599592804909,-0.5753442049026489,-0.0832410603761673,0.02,0.18,-0.1,42.533,2025-05-24 16:20:55.265532,4,29
143,-78.6981178,35.7302509,25.041,-0.0643768459558487,-0.5767151713371277,-0.10455207526683807,0.11,0.21,-0.07,42.608,2025-05-24 16:20:56.266222,4,29
144,-78.698116,35.7302523,25.048,-0.09079109877347946,-1.1064292192459106,-0.09772396087646484,0.16,0.05,0.12,42.461,2025-05-24 16:20:57.268102,4,29
145,-78.6981156,35.7302524,24.928,-0.0894930437207222,-2.170471668243408,0.030290253460407257,-0.06,0.06,0.0,42.488,2025-05-24 16:20:58.269940,4,29
146,-78.6981155,35.7302499,25.017,-0.348227322101593,-2.5473153591156006,0.08230289816856384,-0.85,-0.3,0.14,42.059,2025-05-24 16:20:59.270291,4,29
147,-78.6981283,35.7302326,25.038,-0.3249417543411255,-2.5099117755889893,0.07191814482212067,-2.85,-1.94,0.0,42.32,2025-05-24 16:21:00.270609,4,29
148,-78.6981569,35.730199,25.119,-0.3751963973045349,-2.5096492767333984,0.04068981856107712,-4.85,-3.14,-0.02,42.362,2025-05-24 16:21:01.271663,4,29
149,-78.6981989,35.7301469,25.114,-0.40696093440055847,-2.5048482418060303,0.024262845516204834,-6.83,-4.46,0.21,42.125,2025-05-24 16:21:02.272683,4,28
150,-78.6982529,35.7300784,25.133,-0.30272752046585083,-2.5153119564056396,0.0008598924614489079,-8.01,-4.93,0.19,41.942,2025-05-24 16:21:03.273734,4,29
151,-78.6983075,35.7300034,25.239,-0.28659531474113464,-2.5152409076690674,0.008389548398554325,-8.73,-4.89,0.33,42.118,2025-05-24 16:21:04.274182,4,28
152,-78.6983614,35.7299222,24.984,-0.2473842352628708,-2.507601261138916,0.051901523023843765,-9.1,-4.86,-0.01,42.436,2025-05-24 16:21:05.275325,4,29
153,-78.6984145,35.7298406,25.007,-0.2585395574569702,-2.5084919929504395,0.09502828121185303,-9.03,-4.89,-0.06,42.323,2025-05-24 16:21:06.276244,4,29
154,-78.6984692,35.7297598,24.968,-0.24593456089496613,-2.5083537101745605,0.09890830516815186,-8.93,-5.18,0.14,42.032,2025-05-24 16:21:07.277211,4,29
155,-78.6985281,35.7296808,25.163,-0.24077169597148895,-2.5035998821258545,0.0793260782957077,-8.74,-5.5,-0.02,42.238,2025-05-24 16:21:08.278239,4,29
156,-78.6985882,35.7296031,25.038,-0.22194485366344452,-2.495054244995117,0.058445487171411514,-8.59,-5.41,0.11,42.285,2025-05-24 16:21:09.279086,4,29
157,-78.6986471,35.7295262,25.004,-0.2247602492570877,-2.4962306022644043,0.03973902016878128,-8.55,-5.3,-0.13,42.462,2025-05-24 16:21:10.280024,4,29
158,-78.6987062,35.7294486,25.146,-0.2090744972229004,-2.4994895458221436,0.02555164322257042,-8.75,-5.27,0.0,42.536,2025-05-24 16:21:11.281157,4,29
159,-78.6987616,35.7293712,24.898,-0.21722057461738586,-2.5005972385406494,0.06271907687187195,-8.61,-4.8,0.24,42.149,2025-05-24 16:21:12.281919,4,29
160,-78.6988162,35.729293,24.982,-0.22510084509849548,-2.5033504962921143,0.07579292356967926,-8.68,-4.84,-0.05,42.447,2025-05-24 16:21:13.282223,4,29
161,-78.6988693,35.7292142,24.918,-0.20660878717899323,-2.477085590362549,0.0945294201374054,-8.57,-5.09,-0.04,42.304,2025-05-24 16:21:14.282843,4,29
162,-78.6989269,35.7291373,24.961,-0.20803529024124146,-2.478250741958618,0.03476370871067047,-8.48,-5.26,0.11,42.088,2025-05-24 16:21:15.283414,4,29
163,-78.698986,35.7290609,24.902,-0.17217819392681122,-2.4754555225372314,0.016137942671775818,-8.41,-5.55,-0.11,42.159,2025-05-24 16:21:16.283812,4,29
164,-78.6990478,35.7289855,25.104,-0.1715875267982483,-2.482356309890747,-0.05745328217744827,-8.49,-5.5,-0.17,42.478,2025-05-24 16:21:17.284885,4,29
165,-78.6991078,35.7289071,25.096,-0.12595953047275543,-2.4849696159362793,-0.051957856863737106,-8.79,-5.21,-0.11,42.713,2025-05-24 16:21:18.285951,4,29
166,-78.6991638,35.7288282,24.979,-0.11365146934986115,-2.48681640625,-0.026285137981176376,-8.73,-4.74,0.09,42.579,2025-05-24 16:21:19.286839,4,29
167,-78.6992155,35.7287497,24.871,-0.1408425122499466,-2.48539662361145,0.0012476872652769089,-8.63,-4.57,-0.04,42.532,2025-05-24 16:21:20.287857,4,29
168,-78.6992665,35.7286727,24.861,-0.15504436194896698,-2.484828233718872,0.016939882189035416,-8.44,-4.53,-0.09,42.435,2025-05-24 16:21:21.288955,4,29
169,-78.6993187,35.728597,24.952,-0.1828436255455017,-2.4821813106536865,0.020400870591402054,-8.37,-4.85,-0.01,42.337,2025-05-24 16:21:22.289594,4,29
170,-78.6993742,35.7285215,25.012,-0.18483220040798187,-2.4854865074157715,0.009180653840303421,-8.44,-5.15,-0.1,42.517,2025-05-24 16:21:23.290250,4,29
171,-78.6994324,35.7284451,25.1,-0.17189741134643555,-2.4816808700561523,-0.01524715032428503,-8.58,-5.28,0.0,42.562,2025-05-24 16:21:24.290520,4,29
172,-78.6994918,35.7283675,25.069,-0.1443321853876114,-2.481975793838501,-0.03543196991086006,-8.77,-5.33,0.17,42.426,2025-05-24 16:21:25.292450,4,29
173,-78.6995507,35.7282886,25.046,-0.128048837184906,-2.477630615234375,-0.04260940104722977,-8.7,-5.22,-0.07,42.645,2025-05-24 16:21:26.292811,4,29
174,-78.6996068,35.728211,24.948,-0.13340386748313904,-2.4889163970947266,-0.03385809063911438,-8.6,-4.86,0.23,42.318,2025-05-24 16:21:27.293676,4,29
175,-78.6996592,35.7281339,25.026,-0.17722149193286896,-2.4852800369262695,-0.007057083770632744,-8.51,-4.66,-0.07,42.506,2025-05-24 16:21:28.295517,4,29
176,-78.6997111,35.7280575,25.045,-0.203524649143219,-2.482985496520996,0.007245056331157684,-8.51,-4.78,0.0,42.483,2025-05-24 16:21:29.296276,4,29
177,-78.6997658,35.7279805,25.002,-0.19614572823047638,-2.484999895095825,-0.004845110233873129,-8.61,-5.06,0.09,42.368,2025-05-24 16:21:30.296463,4,29
178,-78.6998225,35.7279031,24.978,-0.20249584317207336,-2.487017869949341,-0.00848400592803955,-8.59,-5.12,0.04,42.334,2025-05-24 16:21:31.296709,4,29
179,-78.6998794,35.7278259,25.074,-0.21974970400333405,-2.4860920906066895,-0.005056237336248159,-8.52,-5.13,0.02,42.354,2025-05-24 16:21:32.297076,4,29
180,-78.6999362,35.7277493,25.102,-0.22086994349956512,-2.486747980117798,-0.015906883403658867,-8.65,-5.17,0.05,42.375,2025-05-24 16:21:33.297648,4,29
181,-78.6999936,35.7276713,25.06,-0.20922577381134033,-2.4875636100769043,-0.010933589190244675,-8.72,-5.12,0.11,42.296,2025-05-24 16:21:34.298196,4,29
182,-78.700049,35.7275949,25.179,-0.11196877062320709,-2.4909934997558594,0.0041915616020560265,-8.18,-4.78,0.02,42.5,2025-05-24 16:21:35.300237,4,29
183,-78.7000987,35.7275252,25.079,-0.031107690185308456,-2.4876203536987305,0.02521386928856373,-7.22,-4.19,-0.03,42.61,2025-05-24 16:21:36.300739,4,29
184,-78.7001416,35.7274653,25.068,0.00675173057243228,-2.4830567836761475,0.02864740788936615,-6.06,-3.64,-0.05,42.735,2025-05-24 16:21:37.301133,4,29
185,-78.7001773,35.7274159,24.883,0.06701823323965073,-2.4880194664001465,0.021680645644664764,-4.72,-2.83,0.0,42.69,2025-05-24 16:21:38.301583,4,29
186,-78.7002025,35.7273795,24.797,0.08833400905132294,-2.4945616722106934,0.04039920121431351,-3.32,-1.87,-0.01,42.47,2025-05-24 16:21:39.302088,4,29
187,-78.7002186,35.7273557,24.705,0.10884006321430206,-2.485710382461548,0.054710134863853455,-1.84,-1.13,-0.18,42.349,2025-05-24 16:21:40.303301,4,29
188,-78.7002265,35.7273454,24.836,0.09928109496831894,-2.474102020263672,0.04532492905855179,-0.44,-0.39,-0.17,42.377,2025-05-24 16:21:41.305488,4,29
189,-78.7002284,35.7273448,24.895,0.0017838110215961933,-2.480222463607788,0.025006409734487534,0.21,-0.06,-0.07,42.336,2025-05-24 16:21:42.307753,4,29
190,-78.7002288,35.7273462,24.969,0.002560076303780079,-2.476109266281128,0.030628737062215805,0.16,-0.01,-0.05,42.349,2025-05-24 16:21:43.309516,4,29
191,-78.7002288,35.7273485,25.023,-0.007463089190423489,-2.425607204437256,0.015780622139573097,0.28,0.11,-0.03,42.075,2025-05-24 16:21:44.310232,4,29
192,-78.7002273,35.7273517,25.047,-0.01573387160897255,-1.3934766054153442,-0.017053410410881042,0.39,0.31,0.05,42.234,2025-05-24 16:21:45.311137,4,29
193,-78.7002235,35.7273553,25.085,-0.019559210166335106,-0.787423312664032,-0.08575461804866791,0.33,0.4,-0.04,41.968,2025-05-24 16:21:46.313324,4,29
194,-78.7002218,35.7273569,24.996,0.033040933310985565,0.2359430491924286,-0.04887859895825386,0.07,0.2,0.23,42.12,2025-05-24 16:21:47.313725,4,29
195,-78.7002206,35.7273568,25.053,0.06407065689563751,0.7885347008705139,-0.028651420027017593,-0.15,0.2,-0.08,42.004,2025-05-24 16:21:48.313959,4,29
196,-78.7002205,35.7273551,24.97,0.07672808319330215,1.8066363334655762,0.009087280370295048,-0.2,-0.04,0.16,42.146,2025-05-24 16:21:49.315002,4,29
197,-78.7002222,35.7273537,25.036,0.04591285064816475,2.383291721343994,0.045514773577451706,-0.13,-0.19,-0.08,41.852,2025-05-24 16:21:50.316077,4,29
198,-78.7002243,35.727353,25.138,0.00965382531285286,-2.883453845977783,0.03790534660220146,0.0,-0.22,0.09,42.298,2025-05-24 16:21:51.317124,4,29
199,-78.7002263,35.7273545,24.998,-0.024845048785209656,-2.4169037342071533,0.010801874101161957,0.37,-0.22,0.11,42.225,2025-05-24 16:21:52.318289,4,29
200,-78.7002284,35.7273558,24.923,-0.04496914893388748,-2.461941719055176,-0.036729782819747925,-0.05,-0.13,-0.11,42.323,2025-05-24 16:21:53.319923,4,29
201,-78.700229,35.7273531,24.976,-0.023329053074121475,-2.4676833152770996,-0.0010975170880556107,-0.39,-0.02,-0.07,42.403,2025-05-24 16:21:54.321704,4,29
202,-78.7002283,35.7273493,24.938,-0.010469529777765274,-2.4656970500946045,0.02965306118130684,-0.31,0.14,-0.04,42.342,2025-05-24 16:21:55.323624,4,29
203,-78.7002265,35.7273471,24.91,-0.002378282602876425,-2.4595112800598145,0.05315866693854332,-0.05,0.1,0.04,42.195,2025-05-24 16:21:56.325425,4,29
204,-78.7002253,35.727347,24.98,0.008906977251172066,-2.50173282623291,0.05825842544436455,0.1,0.03,-0.03,41.999,2025-05-24 16:21:57.326000,4,29
205,-78.7002245,35.7273482,25.064,0.008595363236963749,2.7538881301879883,0.011853046715259552,0.07,0.05,0.0,42.217,2025-05-24 16:21:58.326722,4,29
206,-78.7002227,35.7273489,25.016,0.038061656057834625,2.0264804363250732,-0.00673706317320466,0.09,0.21,0.0,42.239,2025-05-24 16:21:59.327884,4,29
207,-78.7002156,35.7273486,24.98,-0.21824181079864502,2.0674731731414795,0.02968236431479454,-0.58,1.51,0.04,42.102,2025-05-24 16:22:00.329017,4,29
208,-78.7001886,35.7273364,24.962,-0.23701712489128113,2.0839221477508545,0.04204544797539711,-2.15,3.39,-0.02,42.103,2025-05-24 16:22:01.329853,4,29
209,-78.7001415,35.7273102,24.917,-0.28377383947372437,2.08475661277771,0.034177545458078384,-3.68,5.24,-0.04,42.005,2025-05-24 16:22:02.331068,4,29
210,-78.7000717,35.7272694,24.996,-0.2806749641895294,2.072239398956299,0.0053156958892941475,-5.24,7.54,-0.03,41.995,2025-05-24 16:22:03.331749,4,29
211,-78.6999818,35.7272187,25.179,-0.09749386459589005,2.0675175189971924,-0.01737990975379944,-5.68,8.51,-0.01,42.357,2025-05-24 16:22:04.332490,4,29
212,-78.6998859,35.7271677,25.042,-0.06528841704130173,2.069364070892334,-0.0014867838472127914,-5.56,8.7,0.21,42.151,2025-05-24 16:22:05.332762,4,29
213,-78.6997894,35.7271184,24.985,-0.059455037117004395,2.0696277618408203,0.03278958797454834,-5.45,8.62,-0.07,42.208,2025-05-24 16:22:06.333847,4,29
214,-78.6996944,35.7270697,25.092,-0.04957834631204605,2.062314033508301,0.04059327393770218,-5.48,8.48,-0.06,42.401,2025-05-24 16:22:07.334480,4,29
215,-78.6996012,35.7270205,25.082,-0.07310985773801804,2.0612499713897705,0.06128018721938133,-5.54,8.34,0.13,42.272,2025-05-24 16:22:08.335528,4,29
216,-78.6995096,35.7269696,25.035,-0.06559640169143677,2.065800189971924,0.032849717885255814,-5.76,8.3,0.09,42.244,2025-05-24 16:22:09.336573,4,29
217,-78.699418,35.7269182,25.055,-0.059282246977090836,2.073078155517578,0.03356139361858368,-5.73,8.27,0.04,42.264,2025-05-24 16:22:10.337452,4,29
218,-78.6993264,35.7268674,25.016,-0.05794570595026016,2.0777909755706787,0.022717194631695747,-5.62,8.26,0.02,42.212,2025-05-24 16:22:11.338465,4,29
219,-78.6992343,35.7268167,24.987,-0.04864915832877159,2.075672149658203,0.02515111118555069,-5.6,8.34,0.01,42.189,2025-05-24 16:22:12.340193,4,29
220,-78.6991424,35.7267667,25.007,-0.053195174783468246,2.0760016441345215,0.03550264611840248,-5.58,8.32,0.05,42.156,2025-05-24 16:22:13.340960,4,29
221,-78.6990501,35.7267159,24.998,-0.034111589193344116,2.074986457824707,0.02599947154521942,-5.6,8.28,-0.03,42.174,2025-05-24 16:22:14.341431,4,29
222,-78.6989592,35.7266655,24.99,-0.05502916872501373,2.0737063884735107,0.01881558634340763,-5.58,8.23,0.05,42.093,2025-05-24 16:22:15.342547,4,29
223,-78.6988677,35.7266155,25.063,-0.03973329812288284,2.0733137130737305,0.024067595601081848,-5.46,8.3,-0.07,42.228,2025-05-24 16:22:16.343407,4,29
224,-78.698776,35.7265663,25.023,-0.06647945195436478,2.06998348236084,0.02647947147488594,-5.47,8.4,0.15,42.086,2025-05-24 16:22:17.344157,4,29
225,-78.6986827,35.7265163,24.919,-0.014485140331089497,2.072239398956299,0.03321314975619316,-5.54,8.42,-0.08,42.143,2025-05-24 16:22:18.345432,4,29
226,-78.6985911,35.7264663,25.038,-0.032997976988554,2.075270652770996,0.02588622272014618,-5.54,8.3,0.0,42.188,2025-05-24 16:22:19.347456,4,29
227,-78.6985003,35.726416,24.985,-0.033344537019729614,2.0722498893737793,0.011802295222878456,-5.58,8.17,-0.02,42.201,2025-05-24 16:22:20.348327,4,29
228,-78.6984105,35.7263658,24.916,-0.05993795022368431,2.0750350952148438,-0.008398856036365032,-5.55,8.2,-0.02,42.138,2025-05-24 16:22:21.349493,4,29
229,-78.6983198,35.7263161,24.987,-0.06695802509784698,2.065396785736084,-0.01315517071634531,-5.43,8.27,-0.14,42.326,2025-05-24 16:22:22.350378,4,29
230,-78.6982275,35.7262677,24.945,-0.07103470712900162,2.055983304977417,0.014026287943124771,-5.39,8.49,-0.02,42.26,2025-05-24 16:22:23.350648,4,29
231,-78.6981333,35.7262186,24.951,-0.058124840259552,2.0577991008758545,0.022606059908866882,-5.56,8.57,-0.01,42.261,2025-05-24 16:22:24.351110,4,29
232,-78.6980383,35.7261683,24.903,-0.029469259083271027,2.069657802581787,0.04196977987885475,-5.67,8.63,-0.07,42.177,2025-05-24 16:22:25.352439,4,29
233,-78.6979447,35.7261169,24.98,-0.05484626442193985,2.075246810913086,0.01824805699288845,-5.68,8.36,0.04,42.112,2025-05-24 16:22:26.353107,4,29
234,-78.6978521,35.726066,25.015,-0.027973154559731483,2.0798332691192627,0.01482611708343029,-5.59,8.34,0.04,42.107,2025-05-24 16:22:27.353960,4,29
235,-78.6977601,35.7260161,25.014,-0.02792596071958542,2.0782155990600586,0.022283412516117096,-5.49,8.3,0.05,42.056,2025-05-24 16:22:28.355037,4,29
236,-78.6976682,35.7259669,24.983,-0.01715165749192238,2.0767757892608643,0.025445453822612762,-5.47,8.32,0.03,42.014,2025-05-24 16:22:29.355779,4,29
237,-78.697576,35.7259172,24.975,-0.0013456752058118582,2.0765650272369385,0.03346027061343193,-5.52,8.27,-0.04,42.052,2025-05-24 16:22:30.356227,4,29
238,-78.6974852,35.7258675,24.978,-0.010900599882006645,2.0772879123687744,0.027847837656736374,-5.53,8.16,-0.01,42.016,2025-05-24 16:22:31.356875,4,29
239,-78.6973952,35.7258175,24.976,-0.01636226661503315,2.0766866207122803,0.016714708879590034,-5.53,8.13,-0.02,42.022,2025-05-24 16:22:32.357295,4,29
240,-78.6973047,35.7257676,24.977,-0.025104882195591927,2.074209213256836,0.018516041338443756,-5.54,8.22,-0.01,42.009,2025-05-24 16:22:33.358250,4,29
241,-78.6972132,35.7257177,24.994,-0.025730859488248825,2.074287176132202,0.017927542328834534,-5.52,8.31,-0.01,42.023,2025-05-24 16:22:34.359319,4,29
242,-78.6971213,35.7256681,25.031,-0.026646360754966736,2.0746378898620605,0.027194399386644363,-5.46,8.3,0.0,42.008,2025-05-24 16:22:35.359738,4,29
243,-78.6970294,35.7256183,25.077,-0.03728096932172775,2.0803470611572266,0.0213914904743433,-5.54,8.26,0.09,41.966,2025-05-24 16:22:36.360594,4,29
244,-78.6969381,35.7255683,25.097,-0.03889322653412819,2.0781750679016113,0.018368124961853027,-5.57,8.31,0.05,42.036,2025-05-24 16:22:37.360910,4,29
245,-78.6968458,35.7255179,25.089,-0.031104236841201782,2.0720348358154297,0.00017816387116909027,-5.54,8.34,0.0,42.18,2025-05-24 16:22:38.361638,4,29
246,-78.6967525,35.7254682,25.022,-0.03965990990400314,2.063476324081421,0.015060273930430412,-5.42,8.47,-0.01,42.226,2025-05-24 16:22:39.362746,4,29
247,-78.6966593,35.7254192,24.97,-0.04221608489751816,2.0646069049835205,0.062222596257925034,-5.52,8.27,0.08,42.108,2025-05-24 16:22:40.364346,4,29
248,-78.6965695,35.7253687,24.872,-0.05829508975148201,2.0716922283172607,0.012633731588721275,-5.69,8.11,-0.09,42.091,2025-05-24 16:22:41.365546,4,29
249,-78.6964798,35.7253174,24.944,-0.07608002424240112,2.0708954334259033,-0.017298944294452667,-5.69,8.3,-0.03,42.11,2025-05-24 16:22:42.365984,4,29
250,-78.6963864,35.7252668,24.999,-0.03697946295142174,2.079226016998291,0.0022959569469094276,-5.54,8.56,-0.03,42.102,2025-05-24 16:22:43.366569,4,29
251,-78.6962916,35.7252171,25.042,-0.030175020918250084,2.076538324356079,0.012005610391497612,-5.45,8.53,0.03,42.067,2025-05-24 16:22:44.367294,4,29
252,-78.6961981,35.725168,25.029,-0.028047244995832443,2.071669578552246,0.02097173035144806,-5.42,8.41,0.02,42.075,2025-05-24 16:22:45.368434,4,29
253,-78.6961055,35.7251188,24.992,-0.022609010338783264,2.066939115524292,0.019457537680864334,-5.47,8.3,0.0,42.115,2025-05-24 16:22:46.369475,4,29
254,-78.6960143,35.7250695,24.978,-0.031779687851667404,2.066448211669922,0.024197908118367195,-5.53,8.27,-0.03,42.154,2025-05-24 16:22:47.370260,4,29
255,-78.6959233,35.7250195,24.993,-0.0452348068356514,2.071061134338379,0.029443450272083282,-5.53,8.2,-0.02,42.187,2025-05-24 16:22:48.371507,4,29
256,-78.6958328,35.7249693,24.966,-0.03363380953669548,2.066418170928955,0.010546013712882996,-5.59,8.17,0.0,42.127,2025-05-24 16:22:49.372052,4,29
257,-78.6957425,35.7249186,24.935,-0.06880095601081848,2.063627243041992,0.0010821577161550522,-5.67,8.16,-0.13,42.214,2025-05-24 16:22:50.372791,4,29
258,-78.6956512,35.7248678,24.934,-0.0591769814491272,2.0785717964172363,0.004741121083498001,-5.57,8.34,-0.05,42.103,2025-05-24 16:22:51.373053,4,29
259,-78.6955589,35.7248181,25.053,-0.062412310391664505,2.0702831745147705,0.005187680013477802,-5.4,8.33,-0.04,42.234,2025-05-24 16:22:52.374157,4,29
260,-78.6954663,35.7247694,25.037,-0.06918752938508987,2.0605287551879883,0.01101798564195633,-5.46,8.39,0.07,42.134,2025-05-24 16:22:53.375351,4,29
261,-78.6953731,35.7247198,25.001,-0.05219622701406479,2.065805673599243,0.003020091913640499,-5.5,8.45,-0.06,42.188,2025-05-24 16:22:54.377314,4,29
262,-78.6952798,35.7246709,25.144,-0.08140936493873596,2.07901930809021,0.04549985006451607,-5.46,8.6,-0.13,42.511,2025-05-24 16:22:55.378275,4,29
263,-78.6951852,35.7246205,24.967,-0.01847861334681511,2.093379259109497,0.030003227293491364,-5.66,8.43,0.15,42.224,2025-05-24 16:22:56.379042,4,29
264,-78.6950939,35.7245698,24.866,-0.04379397630691528,2.080963611602783,0.031226977705955505,-5.63,8.25,-0.12,42.263,2025-05-24 16:22:57.379851,4,29
265,-78.6950027,35.7245189,25.0,-0.04713079705834389,2.0779869556427,0.027437109500169754,-5.65,8.3,0.01,42.167,2025-05-24 16:22:58.380047,4,29
266,-78.6949117,35.7244675,25.003,-0.03857620060443878,2.0808029174804688,0.002596525475382805,-5.68,8.31,0.16,41.956,2025-05-24 16:22:59.380791,4,29
267,-78.6948196,35.7244171,25.074,-0.01161126047372818,2.071875810623169,0.02334430441260338,-5.49,8.34,0.04,41.981,2025-05-24 16:23:00.381785,4,29
268,-78.6947286,35.7243682,25.076,-0.04158193618059158,2.0728909969329834,0.022035781294107437,-5.39,8.3,0.13,41.923,2025-05-24 16:23:01.383019,4,29
269,-78.6946366,35.7243196,25.04,-0.042993541806936264,2.070219039916992,0.02515363320708275,-5.37,8.34,-0.05,41.975,2025-05-24 16:23:02.383964,4,29
270,-78.6945447,35.7242712,25.166,-0.05478692427277565,2.0764098167419434,0.02504211664199829,-5.35,8.27,-0.17,42.398,2025-05-24 16:23:03.385854,4,29
271,-78.6944519,35.7242218,24.95,-0.04229548200964928,2.0769522190093994,0.04527329280972481,-5.58,8.46,0.25,42.034,2025-05-24 16:23:04.386934,4,29
272,-78.6943585,35.724171,24.782,-0.01870388723909855,2.0804603099823,0.05756475403904915,-5.65,8.48,-0.08,41.923,2025-05-24 16:23:05.388217,4,29
273,-78.6942654,35.7241195,24.928,-0.006020043045282364,2.080990791320801,0.05145407095551491,-5.69,8.32,-0.15,42.012,2025-05-24 16:23:06.388746,4,29
274,-78.6941743,35.7240688,25.004,-0.00429224269464612,2.083709239959717,0.036916766315698624,-5.55,8.29,-0.07,42.101,2025-05-24 16:23:07.389883,4,29
275,-78.6940823,35.7240192,25.009,-0.0006436505354940891,2.0850377082824707,0.053227491676807404,-5.42,8.26,0.0,42.078,2025-05-24 16:23:08.390827,4,29
276,-78.6939908,35.7239701,24.997,-0.018474537879228592,2.0837302207946777,0.06045035645365715,-5.51,8.28,0.0,42.06,2025-05-24 16:23:09.391875,4,29
277,-78.6938996,35.72392,24.97,-0.015349647030234337,2.0822596549987793,0.040907930582761765,-5.59,8.16,-0.02,42.058,2025-05-24 16:23:10.392396,4,29
278,-78.693809,35.7238694,25.012,-0.022202348336577415,2.0781219005584717,0.025568045675754547,-5.6,8.17,0.01,42.05,2025-05-24 16:23:11.393392,4,29
279,-78.6937179,35.7238187,24.924,-0.018288619816303253,2.0797462463378906,0.025046395137906075,-5.6,8.26,0.0,42.015,2025-05-24 16:23:12.394293,4,29
280,-78.693627,35.7237684,24.994,-0.0179227814078331,2.0755507946014404,0.010213242843747139,-5.57,8.21,-0.05,42.031,2025-05-24 16:23:13.394771,4,29
281,-78.6935349,35.7237185,25.0,-0.028378289192914963,2.0748047828674316,0.011948131024837494,-5.48,8.4,0.03,42.003,2025-05-24 16:23:14.395773,4,29
282,-78.6934425,35.7236698,24.99,0.09776835143566132,2.0758845806121826,0.02342231199145317,-5.22,8.1,0.01,41.978,2025-05-24 16:23:15.396660,4,29
283,-78.6933585,35.723626,24.963,0.13329127430915833,2.078486204147339,0.02049924246966839,-4.49,6.98,0.0,41.935,2025-05-24 16:23:16.398408,4,29
284,-78.6932876,35.7235893,24.929,0.14194026589393616,2.0772862434387207,0.028957199305295944,-3.78,5.78,-0.01,41.832,2025-05-24 16:23:17.399568,4,29
285,-78.6932296,35.7235589,25.01,0.1570797860622406,2.081728935241699,0.031868379563093185,-3.1,4.63,-0.06,41.923,2025-05-24 16:23:18.400379,4,29
286,-78.6931852,35.7235348,24.994,0.18513748049736023,2.0886342525482178,0.02336772158741951,-2.37,3.31,0.01,41.864,2025-05-24 16:23:19.400670,4,29
287,-78.6931558,35.723518,24.976,0.21231020987033844,2.086008071899414,0.019166123121976852,-1.45,1.93,-0.05,41.893,2025-05-24 16:23:20.401534,4,29
288,-78.6931421,35.7235098,24.995,0.20513497292995453,2.0815062522888184,0.018917014822363853,-0.49,0.5,-0.04,41.887,2025-05-24 16:23:21.402763,4,29
289,-78.6931411,35.7235084,25.083,0.09613443166017532,2.0816853046417236,0.023885376751422882,0.0,-0.18,0.04,41.966,2025-05-24 16:23:22.404536,4,29
290,-78.6931431,35.7235089,24.988,0.050283610820770264,2.083592176437378,0.019289344549179077,0.11,-0.12,0.01,41.927,2025-05-24 16:23:23.406246,4,29
291,-78.6931435,35.7235101,24.957,0.059306178241968155,2.0831034183502197,0.042114514857530594,0.14,0.01,-0.08,41.971,2025-05-24 16:23:24.406690,4,29
292,-78.6931436,35.7235111,24.948,0.03685000166296959,2.7383103370666504,0.07637423276901245,0.06,-0.01,0.07,41.693,2025-05-24 16:23:25.407752,4,29
293,-78.6931436,35.723512,25.081,0.006298987194895744,-2.5935251712799072,0.061254579573869705,0.18,0.07,-0.08,41.87,2025-05-24 16:23:26.408174,4,29
294,-78.6931438,35.7235131,25.015,-0.06844325363636017,-1.9883179664611816,0.020566385239362717,0.02,-0.03,0.18,41.623,2025-05-24 16:23:27.409443,4,29
295,-78.6931439,35.7235127,24.96,-0.05039553344249725,-1.0117357969284058,-0.03742162883281708,0.0,0.09,-0.06,41.559,2025-05-24 16:23:28.410561,4,29
296,-78.6931426,35.7235129,25.043,-0.017818834632635117,-0.3843916356563568,-0.09685306251049042,0.0,0.14,-0.07,41.854,2025-05-24 16:23:29.411144,4,29
297,-78.6931412,35.7235131,25.086,0.0705055296421051,0.5813841223716736,-0.07734720408916473,0.08,0.16,0.0,41.722,2025-05-24 16:23:30.411885,4,29
298,-78.6931392,35.7235132,25.0,0.14195917546749115,1.185813307762146,-0.034244611859321594,-0.12,0.08,0.17,41.733,2025-05-24 16:23:31.413511,4,29
299,-78.6931393,35.7235121,24.882,0.08183307945728302,2.1749582290649414,0.08035023510456085,-0.09,-0.06,-0.18,41.638,2025-05-24 16:23:32.414201,4,29
300,-78.6931409,35.7235105,24.931,0.10714692622423172,2.176502227783203,0.09009073674678802,-0.14,-0.33,0.0,41.726,2025-05-24 16:23:33.415945,4,29
301,-78.6931448,35.7235088,25.02,0.0732317566871643,2.1522133350372314,0.07968094944953918,-0.19,-0.35,-0.06,41.919,2025-05-24 16:23:34.417667,4,29
302,-78.6931482,35.7235067,24.987,0.06824717670679092,2.1441473960876465,0.03924668952822685,-0.18,-0.28,-0.02,41.94,2025-05-24 16:23:35.419822,4,29
303,-78.6931498,35.7235051,24.879,0.08417430520057678,2.148703098297119,0.02942609414458275,-0.05,-0.03,0.01,41.683,2025-05-24 16:23:36.421583,4,29
304,-78.6931492,35.7235049,24.912,0.07985559850931168,2.1515562534332275,0.031970150768756866,0.08,0.1,-0.08,41.684,2025-05-24 16:23:37.422008,4,29
305,-78.6931475,35.7235058,25.044,0.1046299859881401,1.6220026016235352,0.004065081477165222,0.2,0.06,-0.12,41.885,2025-05-24 16:23:38.423022,4,29
306,-78.6931455,35.7235068,25.054,0.055933333933353424,0.46794676780700684,-0.06210010498762131,0.0,0.27,0.06,41.993,2025-05-24 16:23:39.423397,4,29
307,-78.6931422,35.7235075,24.904,-0.03803497925400734,-0.5860236883163452,-0.0919933170080185,0.13,0.26,0.2,41.641,2025-05-24 16:23:40.424016,4,29
308,-78.6931409,35.7235106,24.991,-0.3766957223415375,-0.6940680146217346,-0.08760681748390198,0.99,-0.6,0.06,41.589,2025-05-24 16:23:41.424548,4,29
309,-78.6931517,35.7235236,24.98,-0.35068732500076294,-0.6836462020874023,-0.0861794650554657,2.75,-2.02,0.14,41.324,2025-05-24 16:23:42.425407,4,29
310,-78.6931938,35.7235695,25.117,-0.34073877334594727,-0.6860324740409851,-0.09779568016529083,5.19,-4.03,-0.11,41.682,2025-05-24 16:23:43.425779,4,29
311,-78.6932451,35.7236244,25.073,-0.37563320994377136,-0.6814002990722656,-0.08206839859485626,6.86,-5.25,0.13,41.489,2025-05-24 16:23:44.426287,4,29
312,-78.6933074,35.7236926,25.103,-0.20875805616378784,-0.6987144351005554,-0.10153412818908691,7.86,-5.87,-0.02,41.829,2025-05-24 16:23:45.426768,4,29
313,-78.6933723,35.7237645,25.119,-0.18035979568958282,-0.6986249089241028,-0.09843671321868896,7.94,-5.86,-0.13,42.026,2025-05-24 16:23:46.427768,4,29
314,-78.6934375,35.7238365,24.988,-0.17832110822200775,-0.7033480405807495,-0.09056314826011658,8.06,-5.92,0.13,41.74,2025-05-24 16:23:47.428880,4,29
315,-78.6935029,35.7239094,24.919,-0.17539502680301666,-0.7039344310760498,-0.10488007962703705,8.08,-5.85,-0.08,41.754,2025-05-24 16:23:48.429759,4,29
316,-78.693568,35.7239823,25.028,-0.18634162843227386,-0.7020348310470581,-0.11152596771717072,8.13,-5.89,-0.03,41.846,2025-05-24 16:23:49.430630,4,29
317,-78.6936331,35.7240549,24.968,-0.18433642387390137,-0.7051449418067932,-0.10981032252311707,8.12,-5.88,0.04,41.712,2025-05-24 16:23:50.431578,4,29
318,-78.6936996,35.7241276,24.966,-0.17502234876155853,-0.7000811696052551,-0.09685389697551727,8.1,-6.06,-0.1,41.862,2025-05-24 16:23:51.432688,4,29
319,-78.6937669,35.7242001,24.924,-0.1718577742576599,-0.6981326341629028,-0.07841010391712189,8.05,-6.03,-0.06,41.824,2025-05-24 16:23:52.433452,4,29
320,-78.6938333,35.7242724,24.907,-0.1716718077659607,-0.7019538879394531,-0.0703989565372467,8.05,-5.92,-0.06,41.764,2025-05-24 16:23:53.434296,4,29
321,-78.6938977,35.7243445,24.904,-0.18360839784145355,-0.6988838315010071,-0.07496620714664459,8.08,-5.78,-0.01,41.68,2025-05-24 16:23:54.434607,4,29
322,-78.6939614,35.724417,24.979,-0.19499506056308746,-0.6984916925430298,-0.08741509914398193,8.11,-5.74,-0.12,41.729,2025-05-24 16:23:55.435450,4,29
323,-78.6940255,35.7244902,24.994,-0.1888653188943863,-0.699609637260437,-0.09125152230262756,8.14,-5.82,0.0,41.668,2025-05-24 16:23:56.436446,4,29
324,-78.6940914,35.7245636,24.978,-0.17200365662574768,-0.6966410279273987,-0.0837862640619278,8.15,-6.06,-0.06,41.816,2025-05-24 16:23:57.437207,4,29
325,-78.6941586,35.7246362,24.933,-0.16467437148094177,-0.6990221738815308,-0.048043716698884964,8.07,-6.08,0.02,41.661,2025-05-24 16:23:58.438304,4,29
326,-78.6942254,35.7247094,24.961,-0.13103482127189636,-0.7024253606796265,-0.06283815950155258,8.16,-6.03,-0.3,41.924,2025-05-24 16:23:59.439220,4,29
327,-78.694292,35.724782,25.073,-0.14078082144260406,-0.6888196468353271,-0.03362095355987549,8.1,-5.98,0.07,41.887,2025-05-24 16:24:00.440180,4,29
328,-78.6943564,35.7248549,24.932,-0.13735826313495636,-0.6876400113105774,-0.052972421050071716,8.13,-5.72,0.0,41.92,2025-05-24 16:24:01.441200,4,29
329,-78.6944184,35.7249275,24.98,-0.17343172430992126,-0.6919958591461182,-0.08674253523349762,8.03,-5.49,-0.05,41.996,2025-05-24 16:24:02.442085,4,29
330,-78.6944793,35.7249997,24.825,-0.18062688410282135,-0.7010688781738281,-0.10594889521598816,8.19,-5.58,0.02,41.633,2025-05-24 16:24:03.442497,4,29
331,-78.694542,35.7250728,24.966,-0.18530035018920898,-0.7079856991767883,-0.11580057442188263,8.12,-5.79,-0.14,41.769,2025-05-24 16:24:04.442886,4,29
332,-78.6946064,35.7251454,25.108,-0.18914899230003357,-0.706254780292511,-0.11838097870349884,8.08,-5.91,0.04,41.814,2025-05-24 16:24:05.444175,4,29
333,-78.6946731,35.7252181,25.202,-0.19230622053146362,-0.6984171271324158,-0.11798466742038727,8.1,-6.1,0.09,42.025,2025-05-24 16:24:06.445104,4,29
334,-78.6947409,35.7252909,25.104,-0.15622150897979736,-0.7062435150146484,-0.10243520140647888,8.16,-6.19,0.13,41.954,2025-05-24 16:24:07.445474,4,29
335,-78.6948094,35.7253642,24.994,-0.13421952724456787,-0.7012357711791992,-0.0879492312669754,8.1,-6.21,0.0,41.991,2025-05-24 16:24:08.446262,4,29
336,-78.6948778,35.7254368,25.003,-0.1331801861524582,-0.6979414224624634,-0.07627615332603455,8.05,-6.09,0.08,41.993,2025-05-24 16:24:09.447415,4,29
337,-78.6949439,35.725508,24.85,-0.13525468111038208,-0.7077138423919678,-0.04281139001250267,7.82,-5.88,0.06,41.646,2025-05-24 16:24:10.447756,4,29
338,-78.6950083,35.7255782,24.938,-0.16363631188869476,-0.7003892064094543,-0.03773682191967964,7.88,-5.8,0.0,41.659,2025-05-24 16:24:11.448579,4,29
339,-78.6950729,35.7256503,24.972,-0.13887886703014374,-0.6985845565795898,-0.03630460053682327,8.09,-5.86,-0.22,41.937,2025-05-24 16:24:12.448829,4,29
340,-78.6951374,35.7257242,25.188,-0.15305852890014648,-0.6925296187400818,-0.03940088674426079,8.24,-5.76,0.0,42.096,2025-05-24 16:24:13.450539,4,29
341,-78.6952004,35.7257988,25.19,-0.1384522020816803,-0.6930269598960876,-0.0713745653629303,8.31,-5.62,0.2,42.065,2025-05-24 16:24:14.450895,4,29
342,-78.6952641,35.7258729,25.042,-0.12571276724338531,-0.6998018622398376,-0.08080664277076721,8.13,-5.94,0.04,42.11,2025-05-24 16:24:15.451937,4,29
343,-78.6953305,35.7259453,24.956,-0.11339008808135986,-0.6956032514572144,-0.036993443965911865,7.99,-5.97,0.01,41.954,2025-05-24 16:24:16.452411,4,29
344,-78.6953956,35.7260179,24.823,-0.11647161096334457,-0.6954835057258606,-0.07120370864868164,8.05,-5.83,-0.04,41.973,2025-05-24 16:24:17.452928,4,29
345,-78.6954603,35.7260896,24.775,-0.1283058375120163,-0.6973011493682861,-0.053118713200092316,7.92,-5.91,-0.16,41.824,2025-05-24 16:24:18.454170,4,29
346,-78.6955253,35.7261608,24.892,-0.1425880789756775,-0.7041538953781128,-0.0421263612806797,7.99,-5.85,-0.07,41.774,2025-05-24 16:24:19.455011,4,29
347,-78.6955888,35.7262323,25.003,-0.16603131592273712,-0.7067398428916931,-0.05542268976569176,8.0,-5.72,-0.01,41.825,2025-05-24 16:24:20.455698,4,29
348,-78.695652,35.7263044,24.973,-0.1735057532787323,-0.7078558206558228,-0.06363081932067871,8.06,-5.76,0.19,41.459,2025-05-24 16:24:21.456503,4,29
349,-78.6957165,35.7263772,25.232,-0.17809250950813293,-0.7054048180580139,-0.07218192517757416,8.14,-5.99,-0.04,41.988,2025-05-24 16:24:22.456864,4,29
350,-78.6957836,35.7264506,25.14,-0.14822503924369812,-0.6972343325614929,-0.05281607061624527,8.2,-6.07,0.07,41.935,2025-05-24 16:24:23.457307,4,29
351,-78.6958505,35.7265245,25.073,-0.1361439824104309,-0.6935076117515564,-0.05575006082653999,8.18,-6.06,0.08,41.901,2025-05-24 16:24:24.458294,4,29
352,-78.695917,35.7265975,25.052,-0.13372032344341278,-0.702618420124054,-0.060373902320861816,8.04,-6.03,0.0,41.941,2025-05-24 16:24:25.458486,4,29
353,-78.6959837,35.726669,25.07,-0.14313910901546478,-0.7074054479598999,-0.017019174993038177,7.94,-5.99,0.03,42.019,2025-05-24 16:24:26.459469,4,29
354,-78.6960491,35.7267405,24.976,-0.15207232534885406,-0.7074127197265625,-0.017562981694936752,7.94,-5.82,0.01,41.88,2025-05-24 16:24:27.460410,4,29
355,-78.6961121,35.7268119,24.894,-0.18231050670146942,-0.710435688495636,-0.025120200589299202,8.01,-5.61,0.01,41.732,2025-05-24 16:24:28.461962,4,29
356,-78.6961731,35.7268837,24.884,-0.22417974472045898,-0.7113332152366638,-0.05078286677598953,8.01,-5.52,-0.05,41.607,2025-05-24 16:24:29.462395,4,29
357,-78.6962358,35.7269559,25.031,-0.12555250525474548,-0.7147977352142334,-0.06183329224586487,7.92,-5.57,-0.06,41.738,2025-05-24 16:24:30.463059,4,29
358,-78.6962954,35.7270236,25.086,-0.0336785651743412,-0.7174679040908813,-0.08675633370876312,7.06,-5.24,-0.03,41.986,2025-05-24 16:24:31.465133,4,29
359,-78.6963502,35.7270821,25.125,0.028834091499447823,-0.7182756066322327,-0.06647054105997086,5.92,-4.6,-0.07,42.231,2025-05-24 16:24:32.466196,4,29
360,-78.6963969,35.7271295,25.028,0.09858104586601257,-0.7222589254379272,-0.02801010198891163,4.67,-3.69,0.18,42.114,2025-05-24 16:24:33.466729,4,29
361,-78.6964303,35.7271653,24.726,0.11957739293575287,-0.7125898599624634,-0.03812338039278984,3.24,-2.3,-0.14,41.928,2025-05-24 16:24:34.467367,4,29
362,-78.6964505,35.7271882,24.829,0.11908175051212311,-0.7061818838119507,-0.0317724347114563,1.94,-1.32,-0.15,41.986,2025-05-24 16:24:35.468877,4,29
363,-78.6964593,35.7271992,24.919,0.06323256343603134,0.2333163172006607,0.0928010493516922,0.56,-0.22,-0.13,41.899,2025-05-24 16:24:36.469376,4,29
364,-78.6964553,35.7272024,25.005,-0.15926972031593323,0.5003547668457031,-0.08666801452636719,0.57,0.78,0.21,41.735,2025-05-24 16:24:37.469753,4,29
365,-78.6964422,35.7272179,24.797,-0.20376092195510864,0.4704288840293884,-0.11784160137176514,2.91,1.5,-0.02,41.73,2025-05-24 16:24:38.470860,4,29
366,-78.6964224,35.7272529,24.844,-0.21254590153694153,0.4681105613708496,-0.09300492703914642,4.85,2.1,-0.17,41.748,2025-05-24 16:24:39.471923,4,29
367,-78.6963949,35.7273048,24.894,-0.08128013461828232,0.45884814858436584,-0.08032608032226562,6.38,2.81,-0.08,41.799,2025-05-24 16:24:40.472879,4,29
368,-78.6963642,35.7273608,24.854,0.05124744772911072,0.44743484258651733,-0.07157380878925323,5.83,2.61,0.11,41.839,2025-05-24 16:24:41.473684,4,29
369,-78.696337,35.7274089,24.736,0.07852068543434143,0.4493139386177063,-0.07265035808086395,4.81,2.26,-0.08,41.968,2025-05-24 16:24:42.473985,4,29
370,-78.6963136,35.7274485,24.793,0.10440322011709213,0.44921985268592834,-0.07214190065860748,3.93,2.03,-0.01,41.897,2025-05-24 16:24:43.474491,4,29
371,-78.6962944,35.7274779,24.829,0.18459659814834595,0.4391774833202362,-0.10086068511009216,2.51,1.42,0.01,41.796,2025-05-24 16:24:44.474938,4,29
372,-78.6962843,35.7274916,24.6,0.1906851828098297,0.4291290044784546,-0.11910122632980347,0.53,0.4,0.66,42.094,2025-05-24 16:24:45.475961,4,29
373,-78.6962837,35.7274918,23.472,0.057281363755464554,0.43763425946235657,-0.097574383020401,-0.16,-0.09,1.94,41.882,2025-05-24 16:24:46.476137,4,29
374,-78.696286,35.727489,21.872,0.02836025133728981,0.44115251302719116,-0.0820593535900116,-0.33,-0.21,1.75,41.906,2025-05-24 16:24:47.476716,4,29
375,-78.6962886,35.7274876,20.361,0.004626795183867216,0.4521649181842804,-0.07333867251873016,0.03,-0.25,1.73,41.858,2025-05-24 16:24:48.477665,4,29
376,-78.6962905,35.7274888,18.782,0.038147710263729095,0.45586448907852173,-0.056658510118722916,0.13,-0.08,1.72,41.871,2025-05-24 16:24:49.478504,4,29
377,-78.69629,35.7274893,17.33,0.04217890277504921,0.4567621052265167,-0.07518842816352844,0.01,0.05,1.56,41.99,2025-05-24 16:24:50.479454,4,29
378,-78.6962885,35.7274894,15.716,0.04332512617111206,0.4530380666255951,-0.07780422270298004,-0.07,0.11,1.64,41.921,2025-05-24 16:24:51.480707,4,29
379,-78.6962867,35.7274888,14.269,0.043685220181941986,0.45772603154182434,-0.09896574914455414,-0.05,0.09,1.56,42.022,2025-05-24 16:24:52.481540,4,29
380,-78.6962857,35.7274884,12.704,0.046522706747055054,0.4552682340145111,-0.0966198593378067,-0.04,0.01,1.64,41.927,2025-05-24 16:24:53.482496,4,29
381,-78.6962856,35.7274879,11.145,0.03795386850833893,0.45315292477607727,-0.09599705040454865,-0.02,-0.05,1.48,41.79,2025-05-24 16:24:54.483499,4,29
382,-78.6962861,35.727488,10.177,0.04102903604507446,0.464059054851532,-0.08491016924381256,-0.01,-0.05,0.49,41.652,2025-05-24 16:24:55.484632,4,29
383,-78.6962868,35.7274878,9.812,0.044724490493535995,0.46826210618019104,-0.09625297784805298,0.0,-0.08,0.4,41.771,2025-05-24 16:24:56.485445,4,29
384,-78.6962878,35.7274876,9.289,0.03873259201645851,0.4710080027580261,-0.08604320883750916,-0.01,-0.11,0.57,41.667,2025-05-24 16:24:57.486199,4,29
385,-78.6962889,35.7274875,8.806,0.0358957014977932,0.46626371145248413,-0.0832865983247757,0.03,-0.07,0.45,41.737,2025-05-24 16:24:58.487382,4,29
386,-78.6962897,35.7274877,8.401,0.06293298304080963,0.46403923630714417,-0.07098492980003357,-0.04,0.01,0.49,41.924,2025-05-24 16:24:59.488013,4,29
387,-78.696289,35.7274867,7.803,0.03385377302765846,0.44605860114097595,-0.09423890709877014,-0.15,0.14,0.56,41.846,2025-05-24 16:25:00.488264,4,29
388,-78.6962882,35.7274847,7.35,-0.012004113756120205,0.4575093686580658,-0.11223584413528442,-0.16,0.08,0.44,41.92,2025-05-24 16:25:01.488947,4,29
389,-78.6962879,35.7274846,6.827,0.0010524136014282703,0.4494616687297821,-0.11433443427085876,0.17,0.0,0.64,41.819,2025-05-24 16:25:02.489325,4,29
390,-78.6962879,35.7274873,6.297,0.0401545912027359,0.4511964023113251,-0.10088138282299042,0.35,-0.03,0.42,41.944,2025-05-24 16:25:03.489761,4,29
391,-78.6962878,35.7274894,5.828,0.045727867633104324,0.4527971148490906,-0.0978110283613205,0.15,0.01,0.45,41.943,2025-05-24 16:25:04.490025,4,29
392,-78.6962882,35.7274899,5.22,0.043303232640028,0.4480031132698059,-0.07154862582683563,-0.09,-0.04,0.59,41.756,2025-05-24 16:25:05.491167,4,29
393,-78.6962883,35.7274882,4.704,0.019930459558963776,0.4510740339756012,-0.11159737408161163,-0.15,0.07,0.37,41.833,2025-05-24 16:25:06.492254,4,29
394,-78.6962875,35.7274868,4.228,0.02714897133409977,0.45386967062950134,-0.1154552698135376,-0.08,0.08,0.43,41.855,2025-05-24 16:25:07.493173,4,29
395,-78.6962867,35.7274862,3.693,0.02338194102048874,0.45577141642570496,-0.11241841316223145,0.02,0.04,0.43,41.809,2025-05-24 16:25:08.493591,4,29
396,-78.6962861,35.727486,3.242,0.02616446278989315,0.45659637451171875,-0.13901904225349426,-0.05,0.05,0.38,41.826,2025-05-24 16:25:09.494001,4,29
397,-78.6962864,35.7274858,2.809,0.022691642865538597,0.4605059325695038,-0.1169312596321106,-0.02,-0.11,0.46,41.789,2025-05-24 16:25:10.496007,4,29
398,-78.6962879,35.7274859,2.242,0.01708858832716942,0.45659345388412476,-0.10711035132408142,0.05,-0.15,0.49,41.753,2025-05-24 16:25:11.496490,4,29
399,-78.6962895,35.7274866,1.684,0.01186926569789648,0.4638901650905609,-0.09329493343830109,0.14,-0.13,0.4,41.724,2025-05-24 16:25:12.497036,4,29
400,-78.696291,35.7274876,1.205,0.017559349536895752,0.4679868817329407,-0.06830669194459915,0.22,-0.13,0.43,41.714,2025-05-24 16:25:13.497802,4,29
401,-78.6962928,35.7274897,0.729,0.03487473726272583,0.4737483561038971,-0.04566401243209839,0.22,-0.22,0.3,41.778,2025-05-24 16:25:14.498300,4,29
402,-78.6962945,35.7274896,0.646,0.07577939331531525,0.47250524163246155,-0.09511934220790863,0.0,-0.02,-0.02,42.652,2025-05-24 16:25:15.498720,4,29
403,-78.6962945,35.7274896,0.568,0.07557225972414017,0.4727489948272705,-0.09586170315742493,0.0,-0.02,-0.01,42.55,2025-05-24 16:25:16.499600,4,29
404,-78.6962939,35.7274893,0.22,0.055936966091394424,0.46246612071990967,-0.09834738075733185,-0.03,0.02,-0.03,42.715,2025-05-24 16:25:17.500069,4,29
