time,dl_lw1,dl_lw2,dl_lw3,dl_lw4,num,Longitude,Latitude,Altitude,Pitch,Yaw,Roll,VelocityX,VelocityY,VelocityZ,BatteryVolts,GPSFix,NumberOfSatellites
2025-04-20 22:39:47.939,6.33,0,0,0,29.7867004272638,-78.696275,35.7271225,24.9766260927365,0.00329763028458961,0.00250963214916292,0.00361978528984985,-0.0178670042726384,0.02,-0.0111918974566786,12.587,6,10
2025-04-20 22:39:48.926,11.79,0,0,0,30.7719254296359,-78.696275,35.7271225,24.9552457151184,0.00335006446169254,0.00253943342639362,0.00345632242588922,-0.02,0.02,-0.0217540343708747,12.587,6,10
2025-04-20 22:39:49.892,18.12,0,0,0,31.7353061530017,-78.696275,35.7271225,24.952205918459,0.00339744602621616,0.0024687093652471,0.0033296597660789,-0.02,0.02,-0.04,12.587,6,10
2025-04-20 22:39:50.895,24.44,0,0,0,32.7367208194507,-78.696275,35.7271225736721,24.9581570457362,0.00374196556354187,0.024201042845663,0.00322937350353296,-0.02,0.02,-0.04,12.587,6,10
2025-04-20 22:39:51.933,30.77,0,0,0,33.7745738612235,-78.6962749225426,35.7271228323722,24.9630982954449,-0.151809240188699,0.325554291143434,-0.0270956435195699,0.22786363559152,0.074220170285645,-0.016762784163295,12.587,6,10
2025-04-20 22:39:52.899,37.1,0,0,0,34.7393773420584,-78.6962721643038,35.7271331034073,24.9632606226579,-0.300833892772604,0.271132073511992,-0.00817460596735358,2.13365580830474,0.489263764711515,-0.0247875468411672,12.587,6,10
2025-04-20 22:39:53.907,43.43,0,0,0,35.7458649696292,-78.6962638159368,35.7271629544469,24.9697127847267,-0.41336132408679,0.23020339528119,-0.00815556883613438,4.50294807984338,1.00293248481458,-0.0225413503037083,12.587,6,10
2025-04-20 22:39:54.916,48.89,0,0,0,36.7550602106071,-78.6962498985908,35.7272144098899,24.9735101204212,-0.5344036965719,0.295453617401629,-0.0398679268835664,6.89459390335108,1.47732769687929,-0.0124493978939285,12.587,6,10
2025-04-20 22:39:55.961,56.06,0,0,0,37.7987056465072,-78.6962309447222,35.7272857866771,24.9875779959906,-0.404571582868159,0.246673102014142,-0.00863516274710913,7.87136576678853,1.69383173404594,-0.017987056465072,12.587,6,10
2025-04-20 22:39:56.897,61.52,0,0,0,38.7346822109066,-78.6962135818473,35.7273512869454,24.9902653177891,-0.294828219597488,0.26251868332382,-0.00375098568283346,7.41898834182003,1.60245084625494,-0.00530635578186746,12.587,6,10
2025-04-20 22:39:57.894,69.29,0,0,0,39.7313494015412,-78.6961969984096,35.7274142391786,24.99,-0.176802849873185,0.27035894887108,0.0041995169494864,6.34969421216594,1.39178963764552,0,12.587,6,10
2025-04-20 22:39:58.937,77.06,0,0,0,40.7730215245185,-78.6961827280223,35.7274678596375,24.9892269784755,-0.0521179692717846,0.257825500548108,0.00836172668509899,4.86273749797705,1.09809354264445,0,12.587,6,10
2025-04-20 22:39:59.904,84.83,0,0,0,41.7392925157018,-78.6961728506504,35.7275037141578,24.9912178775471,0.0520752774993887,0.266889375523837,0.0082869448951516,3.29277442393504,0.763854694347358,0,12.587,6,10
2025-04-20 22:40:00.901,92.6,0,0,0,42.7353374038205,-78.696166723313,35.727525515472,24.9949413496153,0.133470298928062,0.265667576801876,0.00792702467706012,1.49962580293208,0.353804916357187,0,12.587,6,10
2025-04-20 22:40:01.959,100.37,0,0,0,43.7924305286571,-78.6961646868125,35.7275326565346,24.996,0.0764647659139528,0.26357138595559,0.00454070673482887,0.138326418477237,0.0418923678357356,0,12.587,6,10
2025-04-20 22:40:02.901,108.14,0,0,0,44.7321721863556,-78.6961649393033,35.7275316892212,24.9938034834409,0.0152488504127154,0.265149601700342,0.00213954991806681,-0.207147549816899,-0.0392868874542248,0,12.587,6,10
2025-04-20 22:40:03.902,115.91,0,0,0,45.7304501743106,-78.6961656113151,35.7275294930096,24.9951913505229,-0.0069865724101816,0.264033018382281,0.00220728740046082,-0.176954982568938,-0.0280864947706815,0,12.587,6,10
2025-04-20 22:40:04.898,123.68,0,0,0,46.7259004772024,-78.6961660903602,35.7275280289194,24.9974518009544,-0.00601601848500714,0.509477704453414,0.00170757166842426,-0.0846689570517817,-0.00548199045595149,0,12.587,6,10
2025-04-20 22:40:05.940,131.45,0,0,0,47.7671393228868,-78.6961663534279,35.7275273931443,24.9995342786458,-0.00268751808200141,1.71721089254747,0.000409686911270662,-0.0369858203133971,0.00767139322886764,0,12.587,6,10
2025-04-20 22:40:06.899,139.22,0,0,0,48.725633071784,-78.6961664,35.7275271548734,25.0014512661436,-0.00218842623890159,2.15259190097108,0.00121153271306231,-0.03,0.01,0,12.587,6,10
2025-04-20 22:40:07.921,146.99,0,0,0,49.7465921481735,-78.6961664746592,35.7275270253408,25.0012534078518,-0.00230391294112048,1.7469295863069,0.00242919872348393,-0.03,0.01,0,12.587,6,10
2025-04-20 22:40:08.892,154.76,0,0,0,50.7175028791248,-78.6961665,35.7275268564994,25.0002824971209,-0.00167542977568811,2.4607401968601,0.00152585604812718,-0.03,0.01,0,12.587,6,10
2025-04-20 22:40:09.913,162.53,0,0,0,51.737333640911,-78.6961664262666,35.7275267262666,24.9992626663591,-0.00180549155794534,-0.90701950857158,0.000666425772087497,-0.0226266635908897,0.00262666359088975,0,12.587,6,10
2025-04-20 22:40:10.898,170.3,0,0,0,52.7215611637294,-78.6961663278439,35.7275267,24.999,-0.00155646272446981,-1.84170162147652,-0.000139805392847247,-0.02,0,0,12.587,6,10
2025-04-20 22:40:11.903,178.07,0,0,0,53.7253168287651,-78.6961663,35.7275266274683,25.0004506336575,-0.000505257394291787,-1.25807626227029,-7.08487936151444e-05,-0.02,0,0,12.587,6,10
2025-04-20 22:40:12.910,185.84,0,0,0,54.7315302823852,-78.6961663,35.7275266,25.001,-0.000137358206649135,-0.438959149790441,-0.000116595972003985,-0.0126846971761481,0,0,12.587,6,10
2025-04-20 22:40:13.893,193.61,0,0,0,55.7130392235182,-78.6961663,35.7275266,25.001,-8.47314820879172e-05,0.355232276320609,0.000287860574827075,-0.01,0,0,12.587,6,10
2025-04-20 22:40:14.900,201.38,0,0,0,56.7183400361252,-78.6961663,35.727526528166,25.001,-0.000612042762608655,0.14421238908889,0.00049564572299504,-0.01,0,0,12.587,6,10
2025-04-20 22:40:15.910,209.15,0,0,0,57.7258549350004,-78.6961663,35.7275265,25.001,-0.000941287884332998,-0.0290681302399827,0.000295537789962307,-0.00274145064999619,0,0,12.587,6,10
2025-04-20 22:40:16.929,216.92,0,0,0,58.7438202695956,-78.6961663,35.7275265,25.001,-4.71059179197863e-05,0.151701577537655,0.000815487366236833,0,0,0,12.587,6,10
2025-04-20 22:40:17.948,224.69,0,0,0,59.7601896112968,-78.696166376019,35.727526576019,25.001,0.00158999098328945,0.0640828266585678,0.00139502148629799,-0.00760189611296821,0,0,12.587,6,10
2025-04-20 22:40:18.916,232.46,0,0,0,60.7282679651988,-78.6961664728268,35.7275266,25.001,0.00179091943381308,-0.0402527189364638,0.00173077239231127,-0.0172826796519876,0,0,12.587,6,10
2025-04-20 22:40:19.915,240.23,0,0,0,61.7261058372854,-78.6961665726106,35.7275266,25.001,0.00185869586852526,-0.68298396499767,0.000554394374274403,-0.02,0.00726105837285376,0,12.587,6,10
2025-04-20 22:40:20.924,248,0,0,0,62.7350486119995,-78.6961666735049,35.7275266735049,25.001,0.00226345355861683,-0.762574365436152,0.000892900472801151,-0.02,0.017350486119995,0,12.587,6,10
2025-04-20 22:40:21.925,255.77,0,0,0,63.7351957841558,-78.6961674351958,35.7275276557545,25.0002648042158,-0.217338719638811,-0.529550913109778,-0.0116427193686589,0.560804669483081,-0.310838102870109,0,12.587,6,10
2025-04-20 22:40:22.924,263.54,0,0,0,64.7335889821872,-78.6961766497856,35.7275403976538,25.0007335889822,-0.334420221286848,-0.664528391089931,0.0487378125884418,2.36922398116809,-1.34698622773399,0,12.587,6,10
2025-04-20 22:40:23.917,271.31,0,0,0,65.725606333314,-78.6961982578402,35.7275706590248,25.0002743936667,-0.43921739741122,-0.64037382078147,0.0420020723847071,4.45200510996004,-2.55072759997684,0,12.587,6,10
2025-04-20 22:40:24.929,279.08,0,0,0,66.7362072823312,-78.6962332494975,35.7276195662274,24.9985275854353,-0.436863837416117,-0.612644984537275,0.0312217489853966,6.11694885067347,-3.51313826280482,-0.00736207282331187,12.587,6,10
2025-04-20 22:40:25.913,286.85,0,0,0,67.719901997437,-78.6962745437467,35.727677586012,24.9922407840205,-0.418530790668906,-0.650298791363434,0.0345844550380103,6.79076177900042,-3.88398039948739,-0.00280098002563034,12.587,6,10
2025-04-20 22:40:26.922,293.17,0,0,0,68.7276105459,-78.6963195879967,35.7277408305086,24.9885447789082,-0.410290814983583,-0.623555304002959,0.0211867966307354,6.994589370967,-4.041865476426,-0.00727610545900003,12.587,6,10
2025-04-20 22:40:27.955,300.94,0,0,0,69.7604057747327,-78.6963666505439,35.7278063857667,24.9910416230989,-0.408758247593798,-0.632906622096526,0.0266611043292177,7.05281217324198,-4.09520811549465,-0.00239594225267346,12.587,6,10
2025-04-20 22:40:28.917,308.11,0,0,0,70.7217989267778,-78.6964105140311,35.7278675064117,24.9927217989268,-0.398472980413918,-0.63521040871508,0.0260335626934727,7.04556402146444,-4.08556402146444,0,12.587,6,10
2025-04-20 22:40:29.922,314.44,0,0,0,71.7261248806294,-78.6964561660696,35.7279310910925,24.9937261248806,-0.394612814959567,-0.628237626813949,0.0244064365010036,6.98191000954965,-4.05095500477482,0,12.587,6,10
2025-04-20 22:40:30.944,320.77,0,0,0,72.7471352406098,-78.6965020716588,35.7279950959525,24.994,-0.392285479667045,-0.633855032093104,0.026166370958635,6.9450572951878,-4.0250572951878,0,12.587,6,10
2025-04-20 22:40:31.917,326.23,0,0,0,73.7195181064871,-78.6965455624594,35.7280557979298,24.994,-0.393924529755196,-0.630924613245164,0.0252078491577996,6.91841445680539,-4.01280481893513,0,12.587,6,10
2025-04-20 22:40:32.936,330.88,0,0,0,74.7379107312441,-78.6965909370275,35.7281191242564,24.994,-0.392479154461356,-0.630035222870672,0.0252084436739909,6.91737910731244,-4.01,0,12.587,6,10
2025-04-20 22:40:33.916,336.34,0,0,0,75.7177267869693,-78.696634538842,35.7281799708335,24.9925645464261,-0.396200324574288,-0.632096521217444,0.0261968638662011,6.91282273213031,-4.00282273213031,0,12.587,6,10
2025-04-20 22:40:34.917,340.98,0,0,0,76.7171917759667,-78.6966788715957,35.7282419658901,24.992,-0.397328434470632,-0.631254107807003,0.0265036785379092,6.931515753279,-4.00717191775967,0,12.587,6,10
2025-04-20 22:40:35.925,344.81,0,0,0,77.7239853239398,-78.696723762144,35.7283046766842,24.9934479706479,-0.395561456857704,-0.632105132345261,0.0267622153982492,6.9255202935212,-4.0027601467606,0,12.587,6,10
2025-04-20 22:40:36.927,348.63,0,0,0,78.7262594957519,-78.6967684185476,35.7283670007147,24.994,-0.393394710777829,-0.631896937078035,0.0263990058250168,6.92,-4.00726259495752,0,12.587,6,10
2025-04-20 22:40:37.924,352.45,0,0,0,79.7220628768346,-78.6968128040043,35.7284290567235,24.9947220628768,-0.39484893794504,-0.630453279419353,0.0263492101180863,6.89833811369496,-3.99555874246331,0,12.587,6,10
2025-04-20 22:40:38.935,355.82,0,0,0,80.732554468897,-78.696857652163,35.7284916718662,24.9942674455311,-0.39606707381098,-0.631323563139604,0.0272237077774235,6.91197663406691,-3.99732554468897,0,12.587,6,10
2025-04-20 22:40:39.919,359.65,0,0,0,81.7158216146731,-78.696901425644,35.7285527956866,24.9947158216147,-0.394641603813347,-0.631247501098714,0.0265691096201349,6.90568356770654,-3.99284178385327,0,12.587,6,10
2025-04-20 22:40:40.967,363.02,0,0,0,82.762574040658,-78.6969479582874,35.7286177795905,24.9942374259593,-0.394473844358475,-0.631245044230669,0.0265172632220546,6.90762574040658,-3.99762574040658,0,12.587,6,10
2025-04-20 22:40:41.947,366.39,0,0,0,83.7416915142879,-78.6969915794415,35.7286787073813,24.994,-0.392785952486541,-0.631104113114593,0.0266994032822904,6.90258308485712,-3.99258308485712,0,12.587,6,10
2025-04-20 22:40:42.944,369.07,0,0,0,84.7374328926312,-78.6970358420204,35.7287405208393,24.994,-0.395860639263873,-0.631174537918818,0.0271017307298178,6.90737432892631,-3.99737432892631,0,12.587,6,10
2025-04-20 22:40:43.949,371.74,0,0,0,85.7414557610341,-78.6970805689269,35.7288029926939,24.994741455761,-0.393336883558377,-0.631102445465655,0.0270350111626782,6.89517088477932,-3.99258544238966,0,12.587,6,10
2025-04-20 22:40:44.927,375.12,0,0,0,86.7185964029129,-78.6971240056803,35.728863652977,24.995,-0.39513552043627,-0.631177143199587,0.0272118253964301,6.90437192805826,-3.99718596402913,0,12.587,6,10
2025-04-20 22:40:45.934,377.79,0,0,0,87.7249015246443,-78.6971687581178,35.7289261888748,24.995,-0.393031960510548,-0.631341115013406,0.0267658093402964,6.91,-4,0,12.587,6,10
2025-04-20 22:40:46.934,380.46,0,0,0,88.7242618590631,-78.6972133020789,35.7289883490876,24.995,-0.392813315885384,-0.631222596266808,0.0270759603199674,6.90275738140937,-3.99275738140937,0,12.587,6,10
2025-04-20 22:40:47.976,383.14,0,0,0,89.7659268454551,-78.6972596837446,35.7290531406498,24.995,-0.391266641180291,-0.631057627960684,0.0269255983170148,6.8846814630909,-3.99,0,12.587,6,10
2025-04-20 22:40:48.925,385.81,0,0,0,90.7135757073127,-78.6973016400463,35.7291117276211,24.995,-0.397149117129164,-0.631011577245991,0.0278291545234927,6.90140727121938,-3.99713575707313,0,12.587,6,10
2025-04-20 22:40:49.954,388.49,0,0,0,91.7415896720544,-78.6973473748994,35.7291756010366,24.9957415896721,-0.393863856354496,-0.63100972680212,0.0272981305201164,6.91741589672054,-4,0,12.587,6,10
2025-04-20 22:40:51.007,390.56,0,0,0,92.7936845639663,-78.6973942983315,35.7292411465483,24.996,-0.394188771490105,-0.631183421563027,0.0278562165931083,6.91206315436034,-3.99206315436034,0,12.587,6,10
2025-04-20 22:40:51.929,392.63,0,0,0,93.715368200105,-78.6974353338849,35.729298495902,24.9967153682001,-0.392200439442324,-0.630940862518519,0.0271944378145027,6.90284631799895,-3.99,0,12.587,6,10
2025-04-20 22:40:52.929,394.7,0,0,0,94.7139149812135,-78.6974797692167,35.7293605341203,24.997,-0.393192017038136,-0.630971382057431,0.027215005164216,6.89286085018786,-3.99,0,12.587,6,10
2025-04-20 22:40:53.925,396.77,0,0,0,95.7099079531183,-78.6975240909039,35.7294224562747,24.9962900920469,-0.389578826910485,-0.631174097972614,0.0270247168396548,6.89709907953118,-3.99,0,12.587,6,10
2025-04-20 22:40:54.940,398.85,0,0,0,96.7237800009393,-78.697569063454,35.7294853019821,24.9952762199991,-0.39461418942088,-0.6313150531448,0.0278296471003403,6.9,-3.99,0,12.587,6,10
2025-04-20 22:40:55.931,400.92,0,0,0,97.7143940612719,-78.6976130190963,35.7295466924318,24.9957143940613,-0.394653828522543,-0.631248902129046,0.0280300466212038,6.91428788122544,-3.99714394061272,0,12.587,6,10
2025-04-20 22:40:56.931,402.57,0,0,0,98.7134185140752,-78.6976575898076,35.7296089173153,24.9974268370282,-0.394146162849954,-0.631322315437447,0.0277388992446863,6.91286581485925,-4,0,12.587,6,10
2025-04-20 22:40:57.949,404.22,0,0,0,99.7304619506806,-78.6977029055568,35.7296722347333,24.9972695380493,-0.390685757436857,-0.631200908603587,0.0271915681619709,6.91,-4,0,12.587,6,10
2025-04-20 22:40:58.941,405.45,0,0,0,100.722562895124,-78.6977470540488,35.7297338711558,24.9955548742098,-0.394071709417883,-0.631214266523649,0.0277726109135911,6.89554874209751,-3.99277437104876,0,12.587,6,10
2025-04-20 22:40:59.962,407.11,0,0,0,101.742440860408,-78.6977922901301,35.7297970570893,24.995,-0.395600246458849,-0.631203693897483,0.0281869971014048,6.91227322581225,-3.99742440860408,0,12.587,6,10
2025-04-20 22:41:00.993,407.11,0,0,0.84,102.77175406326,-78.6978381974066,35.7298611574535,24.9957717540633,-0.39429821471396,-0.630865530674678,0.0279317072232882,6.9122824593674,-4,0,12.587,6,10
2025-04-20 22:41:01.935,408.76,0,0,0.84,103.712958494811,-78.6978800553572,35.7299196034267,24.9974259169896,-0.392910312572664,-0.630498683604841,0.0275539557847561,6.91,-4,0,12.587,6,10
2025-04-20 22:41:02.941,410.41,0,0,0.84,104.718445147677,-78.6979249144981,35.7299822309772,24.9965631097046,-0.392819981761119,-0.631408296416577,0.0280923823617568,6.88844664556968,-3.98563109704646,0,12.587,6,10
2025-04-20 22:41:03.952,411.64,0,0,0.84,105.728068431469,-78.6979696078178,35.7300447218222,24.9952719315685,-0.380747903015778,-0.630590848532637,0.0264159284204818,6.89456136862938,-3.98728068431469,0,12.587,6,10
2025-04-20 22:41:04.947,411.64,0,0,2.07,106.721737297196,-78.6980123460089,35.7301044433692,24.9978869491888,-0.276045379190342,-0.628543784724666,0.015545561666536,6.36591440007514,-3.68687033517778,0,12.587,6,10
2025-04-20 22:41:05.946,411.64,0,0,2.07,107.719613948132,-78.6980503939477,35.73015762835,24.9939627023631,-0.162625380078648,-0.627537839851136,0.00617796322003696,5.39720921498059,-3.13103549163977,0,12.587,6,10
2025-04-20 22:41:06.993,411.64,0,0,3.3,108.765945050289,-78.6980829655955,35.7302030739636,24.9897021648491,-0.0499888808876611,-0.62745772913873,-0.00184684843342979,4.14256868713922,-2.41617901429508,0,12.587,6,10
2025-04-20 22:41:07.955,411.64,1.23,0,3.3,109.727616741391,-78.6981048616666,35.7302335553621,24.9911828502242,0.0490620405900937,-0.62756049107942,-0.00771798364078503,2.83133656205294,-1.66063043947349,0,12.587,6,10
2025-04-20 22:41:08.957,411.64,2.88,0,3.3,110.728141269284,-78.6981183639257,35.7302523949332,24.9941844238079,0.129552075727475,-0.628593557384646,-0.0130956933462858,1.28497396914625,-0.755547206873424,0,12.587,6,10
2025-04-20 22:41:09.990,411.64,4.12,0,3.3,111.758257546657,-78.6981227406893,35.7302584714696,24.9965165150933,0.0793982785901442,-0.627635089661717,-0.00693165890638198,0.129655330676013,-0.075375773872176,0,12.587,6,10
2025-04-20 22:41:11.015,411.64,4.12,0,4.54,112.781028883713,-78.6981221065596,35.7302575379422,24.9946569133489,0.0128842385650814,-0.627852803691605,0.00045885501261753,-0.209344043719773,0.13029259953414,0,12.587,6,10
2025-04-20 22:41:11.961,412.48,4.12,0,4.54,113.726282158199,-78.6981208558332,35.7302555021792,24.9961788464746,-0.00650759655945441,-0.628253500539891,0.00411156667230747,-0.160108962598163,0.113685892090074,0,12.587,6,10
2025-04-20 22:41:12.963,412.48,5.35,0,4.54,114.726624404914,-78.6981199913629,35.7302541007132,24.9984532488098,-0.00691673765275385,-0.283738197475967,0.00341332533784105,-0.0646038035577795,0.0782012678525932,0,12.587,6,10
2025-04-20 22:41:13.953,412.48,5.35,0,6.19,115.716794866028,-78.698119656641,35.7302535132821,25.0004335897321,-0.00449680633220386,0.898916268278724,9.81194432782741e-05,-0.0184961540191623,0.0628320513397208,0,12.587,6,10
2025-04-20 22:41:14.960,412.48,5.35,0,7.42,116.72309387915,-78.6981193830718,35.7302533276906,25.001,-0.00289866586193574,1.78449594331061,3.14435777220759e-05,-0.01,0.06,0,12.587,6,10
2025-04-20 22:41:15.950,412.48,5.35,0,9.07,117.71154745068,-78.6981190865358,35.7302533,25.001,-0.00219668215902184,2.5705266519697,-4.93813687448708e-05,-0.01,0.0528845254932041,0,12.587,6,10
2025-04-20 22:41:17.008,412.48,5.35,0,10.72,118.768768237598,-78.6981188462464,35.7302532231232,25.001,-0.00138849426772865,-1.5080378362618,-6.33720597078111e-05,-0.0176876823759842,0.0346246352480315,0,12.587,6,10
2025-04-20 22:41:18.010,412.48,5.35,0,11.96,119.7708904606,-78.6981186458219,35.7302530458219,25.001,-0.000871125838547801,-1.95052242402918,-0.000224440018003348,-0.02,0.0145821907879938,0,12.587,6,10
2025-04-20 22:41:19.039,412.48,6.58,0,11.96,120.79870676863,-78.6981185201293,35.7302529201293,25.0017987067686,-0.000950737280580364,-1.8942121672483,0.000612159113445833,-0.0120129323136971,0.00201293231369708,0,12.587,6,10
2025-04-20 22:41:20.050,412.48,6.58,0,13.61,121.808523495698,-78.6981184191476,35.7302528191477,25.0036170469914,-0.000245559056140713,-2.1026244940782,0.00121965894075056,-0.00191476504301995,0,0,12.587,6,10
2025-04-20 22:41:21.082,412.48,6.58,0,15.26,122.84021762703,-78.6981184,35.7302528,25.004,-0.00101609015383873,-0.917886651424664,0.00091835667574276,0,0,0,12.587,6,10
2025-04-20 22:41:22.100,412.48,6.58,0,17.33,123.857223360707,-78.6981184,35.7302527142777,25.004,-0.00120102693075719,-0.109895028328404,0.000452293374902197,0.00857223360706913,0,0,12.587,6,10
2025-04-20 22:41:23.175,412.48,6.58,0,18.98,124.931207063104,-78.6981184,35.7302527,25.0030687929369,-0.000758308401193352,-0.776220075354492,0.000929960946557196,0.01,0,0,12.587,6,10
2025-04-20 22:41:24.197,412.48,6.58,0,20.64,125.951160573924,-78.6981184,35.7302527,25.0020488394261,-0.000183994863206996,-0.638752881039163,0.00125891364187023,0.01,0,0,12.587,6,10
2025-04-20 22:41:25.197,412.48,6.58,0,21.87,126.948906042097,-78.6981185897812,35.7302527,25.0029489060421,0.000298735746015574,-0.429521658482708,0.00253887679858043,0.01,0.0094890604209735,0,12.587,6,10
2025-04-20 22:41:26.203,412.48,6.58,0,23.1,127.953246830991,-78.6981186953247,35.7302527,25.003953246831,0.000909365623818264,-0.645792142537305,0.00226977262314654,0.000467531690088153,0.0195324683099118,0,12.587,6,10
2025-04-20 22:41:27.221,412.48,6.58,0,25.17,128.969754226878,-78.6981187,35.7302527,25.004,0.00115022095005036,-0.538444416020324,0.00183217028763892,0,0.02,0,12.587,6,10
2025-04-20 22:41:28.227,412.48,6.58,0,26.82,129.974697965584,-78.6981187,35.7302527974698,25.0020506040688,0.00162859210433936,-0.566220617868562,0.00175163042732225,0,0.02,0,12.587,6,10
2025-04-20 22:41:29.293,412.48,6.58,0,28.48,131.039481456679,-78.6981188039481,35.7302528921037,25.0019605185433,-0.00463069357233159,-1.70146176717507,0.00115295536591923,-0.010659993303312,0.0244725960649493,0,12.587,6,10
2025-04-20 22:41:30.280,412.48,6.58,0,30.13,132.026455237897,-78.6981191248695,35.7302523878282,25.001,-0.18250426317419,-2.96413620104413,0.0626491741854568,-0.327407866237193,-0.144127256887548,0,12.587,6,10
2025-04-20 22:41:31.321,412.48,6.58,0,31.36,133.066054051676,-78.6981288597946,35.730238845719,25.0010660540517,-0.342935262095523,-2.67552125641456,0.0191349553902617,-2.57607134645336,-1.47794378097814,0,12.587,6,10
2025-04-20 22:41:32.341,412.48,8.23,0,31.36,134.086534378238,-78.698152563317,35.7302055165483,25.0018269312435,-0.427078372516931,-2.37365733410795,-0.0861577987589413,-4.65230050569899,-2.67864919119139,-0.000865343782380596,12.587,6,10
2025-04-20 22:41:33.377,412.48,9.88,0,31.36,135.121053683695,-78.6981901779406,35.7301531094112,24.9996368389489,-0.43827371071632,-2.66876582389965,0.0338492605631918,-6.31568469449969,-3.7538950314346,-0.00878946316305012,12.587,6,10
2025-04-20 22:41:34.399,412.48,11.12,0,31.36,136.142857999502,-78.6982349428958,35.730091971375,24.996142852003,-0.416848533369101,-2.53540144291799,-0.0244209728252375,-6.75857165986562,-4.01285721995521,0,12.587,6,10
2025-04-20 22:41:35.431,412.48,11.12,0,33.01,137.174452593405,-78.6982816597098,35.7300273397056,24.9913489051868,-0.41690742707417,-2.54433290643592,-0.00812421031240753,-6.99348905186809,-4.10744525934046,0,12.587,6,10
2025-04-20 22:41:36.475,412.48,11.12,0,34.66,138.217213212997,-78.6983298786931,35.7299612286823,24.993434426426,-0.408235798302752,-2.58868845873517,-0.000687827127220815,-7.01,-4.17696720722016,0,12.587,6,10
2025-04-20 22:41:37.456,412.48,11.12,0,36.32,139.197118141226,-78.6983752477227,35.7298991224217,24.9953942362825,-0.400945622988609,-2.54213390603933,-0.0156309533043977,-6.99817291152644,-4.12211527435096,0,12.587,6,10
2025-04-20 22:41:38.521,412.48,11.12,0,37.55,140.26179189642,-78.6984239591729,35.7298319903649,24.9972617918964,-0.394371073430734,-2.56861902274335,-0.00418779543131751,-6.936910405179,-4.0847641620716,0,12.587,6,10
2025-04-20 22:41:39.591,412.48,12.77,0,37.55,141.33065151665,-78.6984723123834,35.7297654665408,24.998,-0.397124868137207,-2.56241435687713,-0.00811292491594347,-6.89338696966701,-4.063386969667,0,12.587,6,10
2025-04-20 22:41:40.710,412.48,14,0,37.55,142.448561118016,-78.6985225955381,35.7296961789229,24.998,-0.398168586534219,-2.55973371601071,-0.00725294983468975,-6.88448561118016,-4.05897122236032,0,12.587,6,10
2025-04-20 22:41:41.725,412.48,14,0,39.2,143.462667451244,-78.6985681200353,35.729633414618,24.9975373325488,-0.399979864271157,-2.56395847185298,-0.00587869009181781,-6.89,-4.07,0,12.587,6,10
2025-04-20 22:41:42.718,412.48,15.65,0,39.2,144.454355113063,-78.6986127914156,35.7295718845475,24.9965456448869,-0.397736274586021,-2.56065213690466,-0.00650983473129935,-6.88545644886937,-4.06545644886937,0,12.587,6,10
2025-04-20 22:41:43.745,412.48,16.88,0,39.2,145.481248619348,-78.6986591043127,35.7295081144607,24.996,-0.394738432791797,-2.5624388800528,-0.00566464034984098,-6.87518751380652,-4.06,0,12.587,6,10
2025-04-20 22:41:44.796,413.71,16.88,0,39.2,146.532197747822,-78.6987064488987,35.7294429569594,24.9965321977478,-0.395308983201728,-2.56242239235262,-0.00606894604883382,-6.86467802252178,-4.05467802252178,0,12.587,6,10
2025-04-20 22:41:45.796,413.71,18.54,0,39.2,147.531473003299,-78.6987513099905,35.7293812081157,24.997,-0.397244969452856,-2.56216538533327,-0.00624956405486449,-6.87062946006599,-4.06062946006599,0,12.587,6,10
2025-04-20 22:41:46.889,413.71,20.19,0,39.2,148.623441259462,-78.6988003548567,35.7293135842978,24.9963765587405,-0.397409961836404,-2.5625515074764,-0.00562882581199888,-6.87376558740538,-4.06376558740538,0,12.587,6,10
2025-04-20 22:41:47.878,413.71,22.26,0,39.2,149.611929379926,-78.6988448368221,35.7292523215714,24.9966119293799,-0.395352529323188,-2.56214385618932,-0.00564979380398757,-6.87611929379926,-4.06611929379926,0,12.587,6,10
2025-04-20 22:41:48.930,413.71,24.33,0,39.2,150.662623871174,-78.698892250599,35.7291870847952,24.9976626238712,-0.394402595320763,-2.56222141457268,-0.00594208730130404,-6.86012128386478,-4.05674752257652,0,12.587,6,10
2025-04-20 22:41:49.925,413.71,26.4,0,39.2,151.656296774426,-78.6989369677252,35.7291255408593,24.998,-0.393094742327065,-2.56142323432708,-0.00647023416592506,-6.85656296774426,-4.05,0,12.587,6,10
2025-04-20 22:41:50.931,413.71,28.48,0,39.2,152.661857416711,-78.6989820512123,35.7290635295831,24.9966762851666,-0.398128947334351,-2.56230671927185,-0.00638148031342466,-6.85338142583289,-4.05,0,12.587,6,10
2025-04-20 22:41:51.971,413.71,30.55,0,39.2,153.701184298523,-78.6990285429381,35.7289995070472,24.9952988157015,-0.400613487970421,-2.56247131225162,-0.00623393429424227,-6.87804737194091,-4.06402368597046,0,12.587,6,10
2025-04-20 22:41:52.995,413.71,32.62,0,39.2,154.724096899531,-78.6990746291798,35.7289359163535,24.9964481937991,-0.397775841654104,-2.5617738206172,-0.00551588330737275,-6.88275903100469,-4.06275903100469,0,12.587,6,10
2025-04-20 22:41:54.021,413.71,35.29,0,39.2,155.749528985036,-78.6991208288043,35.7288723041558,24.997749528985,-0.394798882696679,-2.56193550642828,-0.00552360484557838,-6.86500942029927,-4.06,0,12.587,6,10
2025-04-20 22:41:55.033,413.71,37.37,0,39.2,156.760078869865,-78.699166379557,35.7288096751101,24.998,-0.394629391673732,-2.56221929393478,-0.00631833666572806,-6.84479842260271,-4.0447984226027,0,12.587,6,10
2025-04-20 22:41:56.084,413.71,40.04,0,39.2,157.810816619054,-78.6992135245845,35.7287448536963,24.9963783667619,-0.397143569320088,-2.56209527997025,-0.00636707474060923,-6.85621633238109,-4.04810816619054,0,12.587,6,10
2025-04-20 22:41:57.096,413.71,42.71,0,39.2,158.821576991469,-78.6992588066492,35.7286824265419,24.996,-0.399482231666142,-2.56249484296031,-0.00572513824602998,-6.86821576991469,-4.05,0,12.587,6,10
2025-04-20 22:41:58.110,413.71,44.79,0,39.2,159.834381894762,-78.6993043471853,35.7286196683225,24.9976687637895,-0.399121112422532,-2.56205785877367,-0.00600627463066489,-6.87834381894762,-4.05834381894762,0,12.587,6,10
2025-04-20 22:41:59.158,413.71,47.46,0,39.2,160.881549270733,-78.699351646027,35.7285546557903,24.998,-0.394901584036538,-2.56207485789635,-0.00589580010486669,-6.86236901458534,-4.05118450729267,0,12.587,6,10
2025-04-20 22:42:00.177,413.71,50.13,0,39.2,161.899353585457,-78.699397380976,35.7284916300131,24.998,-0.397388316241609,-2.56220563780333,-0.00588599474610408,-6.86,-4.05,0,12.587,6,10
2025-04-20 22:42:01.228,413.71,53.96,0,39.2,162.950040472883,-78.6994445568172,35.7284266874988,24.9970499595271,-0.396507197772668,-2.56225013868003,-0.00643070322407799,-6.86,-4.05,0,12.587,6,10
2025-04-20 22:42:02.195,413.71,57.33,0,39.2,163.916708396428,-78.699487960207,35.7283669474211,24.9960832916036,-0.399829601431524,-2.56201576112076,-0.00572830231160005,-6.87833416792855,-4.05916708396428,0,12.587,6,10
2025-04-20 22:42:03.199,413.71,60,0,39.2,164.920027899104,-78.6995331012555,35.7283046662675,24.9978400557982,-0.395691648617242,-2.56203028787981,-0.00565322026401639,-6.87079972100896,-4.06,0,12.587,6,10
2025-04-20 22:42:04.224,413.71,63.83,0,39.2,165.944031842435,-78.6995791814329,35.728241264429,24.998,-0.397705863387922,-2.5618504290848,-0.00632518394681762,-6.87,-4.05055968157565,0,12.587,6,10
2025-04-20 22:42:05.253,413.71,67.2,0,39.2,166.972069048909,-78.699625637521,35.7281774345121,24.998,-0.391933980693379,-2.56252072118157,-0.00555530024345173,-6.85055861902183,-4.05,0,12.587,6,10
2025-04-20 22:42:06.281,413.71,69.87,0,39.2,168.000080903159,-78.6996716036326,35.7281140950002,24.9969999190968,-0.401367702939646,-2.56200411053459,-0.00636818416717897,-6.86000161806318,-4.05000080903159,0,12.587,6,10
2025-04-20 22:42:07.256,413.71,73.7,0,39.2,168.973405833218,-78.6997153059219,35.7280539435195,24.9960265941668,-0.396095415233727,-2.56225891103861,-0.00614054496105401,-6.87946811666435,-4.05973405833218,0,12.587,6,10
2025-04-20 22:42:08.328,413.71,77.07,0,39.2,170.045269212021,-78.6997635416415,35.7279874887819,24.998045269212,-0.398864171397223,-2.56209990137071,-0.00576831593420026,-6.87954730787979,-4.05954730787979,0,12.587,6,10
2025-04-20 22:42:09.277,413.71,80.89,0,39.2,170.992852177109,-78.6998062776332,35.7279286438798,24.9989928521771,-0.390637583076674,-2.56270808173675,-0.00497893205675585,-6.87007147822891,-4.05007147822891,0,12.587,6,10
2025-04-20 22:42:10.277,413.71,84.71,0,39.2,171.992067297128,-78.6998512430284,35.7278666918276,24.9980079327029,-0.395614830443989,-2.56149739223179,-0.00638663364130079,-6.85015865405744,-4.04007932702872,0,12.587,6,10
2025-04-20 22:42:11.303,413.71,88.09,0,39.2,173.015132935372,-78.6998971779555,35.7278035647846,24.9969848670646,-0.394051483286334,-2.56094301007318,-0.00602233390963327,-6.86015132935372,-4.05015132935372,0,12.587,6,10
2025-04-20 22:42:12.373,413.71,91.91,0,39.2,174.085284227478,-78.6999451292618,35.7277374294347,24.996170568455,-0.400731674236592,-2.56264737422407,-0.0061843525563705,-6.87170568454956,-4.06085284227478,0,12.587,6,10
2025-04-20 22:42:13.383,413.71,95.73,0,39.2,175.09349395664,-78.6999904352762,35.7276750753265,24.998,-0.395923160590084,-2.56191703554133,-0.00613448170596758,-6.88719518130081,-4.06813012086721,0,12.587,6,10
2025-04-20 22:42:14.358,413.71,99.55,0,39.2,176.067884220877,-78.7000345480015,35.7276144047551,24.998,-0.395535792421984,-2.56232848732469,-0.00590154652418723,-6.86067884220877,-4.05,0,12.587,6,10
2025-04-20 22:42:15.372,413.71,103.38,0,39.2,177.080218569841,-78.7000799135734,35.7275519547984,24.9982406557095,-0.381462665372814,-2.56185932272921,-0.00533054674427856,-6.82427541519075,-4.02352787195254,0,12.587,6,10
2025-04-20 22:42:16.377,413.71,107.2,0,39.2,178.084858926557,-78.7001234500969,35.7274919449064,25.0004059875141,-0.252761631978807,-2.56295749695969,0.000312733537695437,-6.21514107344334,-3.67078182259714,0,12.587,6,10
2025-04-20 22:42:17.403,413.71,111.02,0,39.2,179.110525111212,-78.7001619483835,35.7274391916303,24.9935578995552,-0.145981147608006,-2.56263402634006,0.000983663291412416,-5.16847511765805,-3.06042191992756,0,12.587,6,10
2025-04-20 22:42:18.428,413.71,114.84,0,39.2,180.134819853213,-78.7001927738927,35.7273970936206,24.9902696397064,-0.0361496507151035,-2.56259167658743,0.00174355600965014,-3.92934139669459,-2.31214411742961,0,12.587,6,10
2025-04-20 22:42:19.441,413.71,118.66,0,39.2,181.14698608733,-78.7002144402164,35.7273674248532,24.992440958262,0.0694981829669819,-2.56211767462018,0.00386764416778361,-2.53776198201887,-1.48183307790996,0,12.587,6,10
2025-04-20 22:42:20.450,413.71,122.49,0,39.2,182.153579051034,-78.7002262221688,35.7273511628206,24.9957678952552,0.14420518872568,-2.56193534889904,0.0064368173174364,-1.00877671977945,-0.574030454786288,0,12.587,6,10
2025-04-20 22:42:21.471,413.71,126.31,0,39.2,183.173224614107,-78.700228874808,35.7273473771594,24.9996535507718,0.0659460995050446,-2.56188463102298,0.00274690924502811,0.0350383996678948,0.0359836921160931,0,12.587,6,10
2025-04-20 22:42:22.494,413.71,130.96,0,39.2,184.194038296297,-78.7002274313272,35.7273491074804,24.9978059617037,0.00479244116055855,-2.56220291101846,0.0013919006791491,0.236417319259223,0.148357702222191,0,12.587,6,10
2025-04-20 22:42:23.488,413.71,135.6,0,39.2,185.185606851995,-78.7002256958325,35.7273510227282,24.997371213704,-0.00854111292135746,-2.52872888978249,0.00250005808006463,0.163295383320455,0.0870075203603536,0,12.587,6,10
2025-04-20 22:42:24.524,413.71,140.25,0,39.2,186.221248431769,-78.7002246893758,35.7273521106242,24.9994424968635,-0.00562193238054955,-2.07956423922193,0.00204377339798245,0.0833625470469311,0.0233625470469311,0,12.587,6,10
2025-04-20 22:42:25.536,413.71,144.07,0,39.2,187.232045550788,-78.7002242767954,35.7273525464091,25.001,-0.00316858317528239,-0.80908481020086,-0.000711022441245331,0.0576795444921179,0,0,12.587,6,10
2025-04-20 22:42:26.550,413.71,148.72,0,39.2,188.244755601222,-78.7002242,35.7273527489511,25.001,-0.00214427301147041,0.0676198265930004,-0.000224139591109892,0.0475524439877821,0,0,12.587,6,10
2025-04-20 22:42:27.567,413.71,152.54,0,39.2,189.261094385586,-78.7002242,35.7273529522189,25.001,-0.00148984466011846,0.775622020893638,-0.000576143551991718,0.04,0,0,12.587,6,10
2025-04-20 22:42:28.601,413.71,156.37,0,39.2,190.294474320893,-78.7002242,35.7273531588949,25.001,-0.000610001268153489,1.5201049144571,-0.000467884663266906,0.0370552567910698,0,0,12.587,6,10
2025-04-20 22:42:29.593,413.71,160.19,0,39.2,191.2849784413,-78.7002242,35.7273533569957,25.001,-0.000633481051860941,2.41034533277183,-0.000382991130809612,0.0243004311740001,0,0,12.587,6,10
2025-04-20 22:42:30.599,413.71,164.01,0,39.2,192.290284327046,-78.7002241709716,35.7273535290284,25.001290284327,-0.00110139238899668,2.39409215689596,0.000145148322092828,0.00709715672953962,0.00290284327046038,0,12.587,6,10
2025-04-20 22:42:31.625,413.71,168.66,0,39.2,193.315343007006,-78.7002240684657,35.7273536,25.002,-0.000310283096648256,2.3465547219519,0.00102225729547987,0,0.00684656992994066,0,12.587,6,10
2025-04-20 22:42:32.631,413.71,172.48,0,39.2,194.32012453213,-78.7002239359751,35.7273536,25.0026402490643,-0.000960395526229606,1.49170288387166,0.00119652198368714,0,0,0,12.587,6,10
2025-04-20 22:42:33.653,413.71,177.13,0,39.2,195.341174707372,-78.7002238,35.7273536,25.004,-0.0015731719406373,-2.14728624386665,0.000965736515687787,0,-0.0034117470737227,0,12.587,6,10
2025-04-20 22:42:34.692,413.71,180.95,0,39.2,196.379230741592,-78.7002238,35.7273536,25.0032415385168,-0.000434864516573288,-2.66357156700506,0.00129366735963314,0,-0.01,0,12.587,6,10
2025-04-20 22:42:35.698,413.71,184.77,0,39.2,197.383349611618,-78.7002238,35.727353561665,25.0016166503884,7.09070763569457e-05,-2.6108844451978,0.0012659298505159,0,-0.01,0,12.587,6,10
2025-04-20 22:42:36.709,413.71,188.59,0,39.2,198.392628187561,-78.7002238,35.7273534607372,25.0017852563751,0.000668552090182553,-2.47681875022109,0.00167084906200511,0.00392628187560977,-0.01,0,12.587,6,10
2025-04-20 22:42:37.715,413.71,191.97,0,39.2,199.396073708106,-78.7002238,35.7273533603926,25.0033960737081,0.00144763808541663,-2.58159836567679,0.00195240883972318,0.0139607370810575,-0.01,0,12.587,6,10
2025-04-20 22:42:38.728,413.71,196.62,0,39.2,200.408275175473,-78.7002238408275,35.7273533,25.0031834496491,0.00197206428886105,-2.51207047123602,0.00206808296589499,0.0240827517547314,-0.00591724824526859,0,12.587,6,10
2025-04-20 22:42:39.810,413.71,200.44,0,39.2,201.489039958516,-78.7002239,35.7273533,25.002,0.00227106577712438,0.191931439580314,0.00089549524432591,0.03,0,0,12.587,6,10
2025-04-20 22:42:40.853,413.71,204.26,0,39.2,202.531813202629,-78.7002239,35.7273533,25.002,0.00139099057583708,2.26510954851174,-0.00108476032681316,0.03,0,0,12.587,6,10
2025-04-20 22:42:41.823,413.71,208.08,0,39.2,203.500838342739,-78.7002239,35.7273533,25.0014991616573,0.000781550593591555,1.7585569823586,-0.0017387930042851,0.03,0,0,12.587,6,10
2025-04-20 22:42:42.890,413.71,211.9,0,39.2,204.567049444529,-78.7002233329506,35.7273530731802,25.0004329505555,-0.154278701404112,2.15351407160632,-0.0288477987396762,-0.179808294475682,0.311877194490878,0,12.587,6,10
2025-04-20 22:42:43.900,413.71,215.73,0,39.2,205.57695009558,-78.7002126302883,35.7273474189741,25.0011539001912,-0.312173514091434,2.10393687084265,0.0241458575242623,-1.17080813763511,1.77313420262947,0,12.587,6,10
2025-04-20 22:42:44.921,413.71,219.55,0,39.2,206.597493296502,-78.7001809612708,35.7273303148968,25.002,-0.411283708389615,2.00900007598516,0.0544237366063512,-2.58064101731267,3.83511192817888,0,12.587,6,10
2025-04-20 22:42:45.980,413.71,223.37,0,39.2,207.655533045556,-78.700124450271,35.7272997363029,25.0013444669544,-0.43987490394389,2.0938254689026,0.0271517495307077,-3.78864370646739,5.64263155106777,-0.00655533045556264,12.587,6,10
2025-04-20 22:42:47.072,413.71,227.19,0,39.2,208.747205377511,-78.700049800095,35.7272590842697,24.9957695623574,-0.420651937712441,2.03250952128459,0.0393547771275758,-4.37910572080367,6.45646598967924,-0.00252794622488538,12.587,6,10
2025-04-20 22:42:48.044,413.71,231.01,0,39.2,209.718394924352,-78.6999781795781,35.7272199613266,24.9911264203026,-0.414924087968512,2.06645500623675,0.0207590674480118,-4.51747159394817,6.70804688335748,-0.00718394924352172,12.587,6,10
2025-04-20 22:42:49.074,413.71,234.84,0,39.2,210.747619442493,-78.6999002313985,35.727177623317,24.9922428583275,-0.40657716629899,2.06417990403986,0.0235598561724243,-4.52504761115013,6.77747619442493,-0.00252380557506537,12.587,6,10
2025-04-20 22:42:50.093,413.71,238.66,0,39.2,211.765726683295,-78.6998234939261,35.727136034924,24.9952971800499,-0.397750629631545,2.05276238633105,0.0256093209931928,-4.51234273316705,6.75702819950116,0,12.587,6,10
2025-04-20 22:42:51.172,413.71,242.48,0,39.2,212.843692635454,-78.6997426230524,35.7270921617097,24.9968436926355,-0.394529523700937,2.06824615803524,0.0214734927758894,-4.4678153682273,6.69937844187276,0,12.587,6,10
2025-04-20 22:42:52.131,413.71,245.15,0,39.2,213.802651163395,-78.6996716643441,35.7270536939535,24.9978026511634,-0.393979451186199,2.05754502285434,0.0259062763176271,-4.45197348836605,6.66592046509815,0,12.587,6,10
2025-04-20 22:42:53.170,413.71,247.83,0,39.2,214.840790745128,-78.6995951337221,35.7270122524493,24.998,-0.397364477244866,2.06041328941132,0.0242773406644816,-4.45,6.65159209254872,0,12.587,6,10
2025-04-20 22:42:54.193,413.71,250.5,0,39.2,215.863083410507,-78.699519877061,35.7269713766636,24.998,-0.398563918433046,2.06167956929167,0.0250207549046538,-4.45863083410507,6.66726166821014,0,12.587,6,10
2025-04-20 22:42:55.246,413.71,253.18,0,39.2,216.915237468007,-78.6994420724274,35.7269291074538,24.998915237468,-0.393112039103979,2.05939367837897,0.0250013125234748,-4.45084762531993,6.64254287595978,0,12.587,6,10
2025-04-20 22:42:56.199,413.71,255.85,0,39.2,217.867577737058,-78.699371772763,35.7268909968905,24.9963972667888,-0.394306163483211,2.06199716054625,0.0250041115967484,-4.44132422262942,6.64,0,12.587,6,10
2025-04-20 22:42:57.223,413.71,258.52,0,39.2,218.890759603755,-78.6992964400932,35.7268501586918,24.996,-0.392226914742132,2.06027845980854,0.0253193839538911,-4.44,6.63109240396245,0,12.587,6,10
2025-04-20 22:42:58.233,413.71,261.2,0,39.2,219.899606118348,-78.6992222789503,35.7268098157553,24.9951003938816,-0.394630493891261,2.05942856714068,0.025916523151076,-4.44,6.63,0,12.587,6,10
2025-04-20 22:42:59.244,413.71,263.27,0,39.2,220.909730833139,-78.6991478528376,35.7267694107667,24.9968194616663,-0.392154282169661,2.06085082144368,0.0248076120482074,-4.43090269166861,6.61180538333721,0,12.587,6,10
2025-04-20 22:43:00.249,413.71,265.34,0,39.2,221.91398638156,-78.6990742961969,35.7267295147407,24.9979139863816,-0.397960689046226,2.06008909579033,0.0258526615063133,-4.4482797276312,6.6282797276312,0,12.587,6,10
2025-04-20 22:43:01.271,413.71,267.41,0,39.2,222.935997992909,-78.6989989233481,35.7266885664805,24.9989359979929,-0.392962682986199,2.06084683809643,0.0252330124958803,-4.45,6.63,0,12.587,6,10
2025-04-20 22:43:02.291,413.71,269.49,0,39.2,223.955197919093,-78.6989238974331,35.726647887603,24.9970896041618,-0.39572937127102,2.05978130432678,0.0265596592182061,-4.44044802080907,6.63,0,12.587,6,10
2025-04-20 22:43:03.289,413.71,271.56,0,39.2,224.951528310174,-78.6988506626692,35.7266080388676,24.9960484716898,-0.394153362698883,2.06075880290425,0.025425368969413,-4.44,6.63,0,12.587,6,10
2025-04-20 22:43:04.329,413.71,273.63,0,39.2,225.990098020903,-78.6987743277955,35.726566595089,24.996,-0.397634486726707,2.06014300167628,0.0259364028048672,-4.44990098020903,6.63990098020903,0,12.587,6,10
2025-04-20 22:43:05.339,413.71,275.7,0,39.2,226.999936057101,-78.6986997047254,35.7265261025641,24.9979998721142,-0.389773754578756,2.06059762865793,0.0249324341564571,-4.45,6.63000063942899,0,12.587,6,10
2025-04-20 22:43:06.357,413.71,277.35,0,39.2,228.016511162229,-78.6986248864296,35.7264855412046,24.9989834888378,-0.394360576929823,2.06031963162647,0.0259045229045802,-4.43016511162229,6.62016511162229,0,12.587,6,10
2025-04-20 22:43:07.382,413.71,279.01,0,39.2,229.04164764617,-78.6985495347332,35.7264446340942,24.9979167047077,-0.391459858988198,2.06026748520501,0.0261055737443487,-4.44,6.6295835235383,0,12.587,6,10
2025-04-20 22:43:08.410,415.37,279.01,0,39.2,230.067814985906,-78.6984740155985,35.7264035941821,24.9960678149859,-0.39629322424315,2.06044370371133,0.0259382365233836,-4.44067814985906,6.62135629971812,0,12.587,6,10
2025-04-20 22:43:09.416,417.02,279.01,0,39.2,231.073420126334,-78.6984000889367,35.7263634558529,24.9970734201263,-0.39028304806999,2.06076820185642,0.0255735875121264,-4.44926579873666,6.63853159747332,0,12.587,6,10
2025-04-20 22:43:10.479,418.67,279.01,0,39.2,232.135040225322,-78.6983219015515,35.726320925399,24.998,-0.395476842251704,2.06018566261736,0.0265646903915898,-4.44135040225322,6.62270080450643,0,12.587,6,10
2025-04-20 22:43:11.475,420.32,279.01,0,39.2,233.130187303331,-78.6982488661396,35.7262812794891,24.998,-0.393800457621554,2.060495832279,0.0259744075942775,-4.44869812696669,6.63869812696668,0,12.587,6,10
2025-04-20 22:43:12.497,422.39,279.01,0,39.2,234.15068880572,-78.6981734243728,35.7262403875167,24.9976986223886,-0.392631964826724,2.06061904057564,0.0255710322130503,-4.44,6.63,0,12.587,6,10
2025-04-20 22:43:13.584,424.47,279.01,0,39.2,235.236753740655,-78.6980935986001,35.7261970535258,24.996,-0.392716386104218,2.06086376005187,0.0258500273543697,-4.43763246259345,6.62526492518691,0,12.587,6,10
2025-04-20 22:43:14.534,426.12,279.01,0,39.2,236.18521624907,-78.6980239421706,35.7261592469149,24.9963704324981,-0.396967663777364,2.05978088438429,0.0267053108260171,-4.43555648747211,6.61740864996281,0,12.587,6,10
2025-04-20 22:43:15.543,427.77,279.01,0,39.2,237.193777354786,-78.6979499604757,35.7261190907726,24.998,-0.396323189932033,2.06102485796946,0.0263996036994183,-4.45806222645214,6.64612445290428,0,12.587,6,10
2025-04-20 22:43:16.571,429.84,279.01,0,39.2,238.221687615867,-78.6978740059602,35.7260777768329,24.998,-0.393415060101449,2.06021733611431,0.0263714877171757,-4.44778312384133,6.63,0,12.587,6,10
2025-04-20 22:43:17.574,431.91,279.01,0,39.2,239.223589548091,-78.6978003214503,35.7260378340591,24.9975528209038,-0.392935414763499,2.06087088530865,0.0257368439454742,-4.4377641045191,6.62776410451909,0,12.587,6,10
2025-04-20 22:43:18.582,433.99,279.01,0,39.2,240.229377498618,-78.6977262636916,35.7259975478378,24.9957706225014,-0.392801286075441,2.05998791568826,0.0259131447709747,-4.43229377498618,6.62229377498618,0,12.587,6,10
2025-04-20 22:43:19.603,436.06,279.01,0,39.2,241.250118649267,-78.6976512662555,35.7259568202659,24.9957503559478,-0.393843062178641,2.05992857313031,0.026180252752476,-4.43749881350733,6.62499762701466,0,12.587,6,10
2025-04-20 22:43:20.630,438.13,279.01,0,39.2,242.27620202109,-78.6975757543919,35.7259158795394,24.998,-0.39577351608904,2.0606382527198,0.0264346268862456,-4.43552404042181,6.61828606063271,0,12.587,6,10
2025-04-20 22:43:21.638,439.78,279.01,0,39.2,243.283594799463,-78.6975017990633,35.7258756845675,24.9982835947995,-0.396613638212172,2.06014482258915,0.0265042921412721,-4.45,6.64,0,12.587,6,10
2025-04-20 22:43:22.693,441.85,279.01,0,39.2,244.337926555733,-78.6974240948128,35.7258335491451,24.9979862203328,-0.39415686061066,2.06044042075248,0.025768656992827,-4.45,6.64,0,12.587,6,10
2025-04-20 22:43:23.680,443.93,279.01,0,39.2,245.324307792562,-78.6973513660849,35.7257940276883,24.996,-0.393590055281132,2.06014574499128,0.0258611519260522,-4.44351384414876,6.63351384414876,0,12.587,6,10
2025-04-20 22:43:24.761,446,279.01,0,39.2,246.405229907861,-78.6972718371707,35.7257508718497,24.996,-0.393552979998967,2.06044472519002,0.0259675519769309,-4.43405229907861,6.62405229907861,0,12.587,6,10
2025-04-20 22:43:25.721,448.07,279.01,0,39.2,247.364249836165,-78.6972014183621,35.7257126300066,24.9967284996723,-0.3956718469292,2.06032392163283,0.0263002225064647,-4.44,6.63,0,12.587,6,10
2025-04-20 22:43:26.714,450.74,279.01,0,39.2,248.356685051721,-78.6971282836487,35.7256729325979,24.998,-0.393609500832351,2.06042730070706,0.0259000736867679,-4.44,6.63,0,12.587,6,10
2025-04-20 22:43:27.731,452.82,279.01,0,39.2,249.372856333219,-78.6970535577739,35.7256323230323,24.998,-0.39467516757782,2.06022460177856,0.0259593896619405,-4.44,6.63,0,12.587,6,10
2025-04-20 22:43:28.737,454.89,279.01,0,39.2,250.378342474503,-78.6969795918281,35.7255922041353,24.9976216575255,-0.394149266200289,2.06051411297141,0.0258636369119044,-4.44,6.63,0,12.587,6,10
2025-04-20 22:43:29.743,456.96,279.01,0,39.2,251.384428540013,-78.6969055291737,35.7255519844155,24.99661557146,-0.394053538080689,2.06037447721893,0.0262420694312187,-4.44,6.63,0,12.587,6,10
2025-04-20 22:43:30.833,459.03,279.01,0,39.2,252.473518203705,-78.696825296412,35.7255084066237,24.9964735182037,-0.392128977137343,2.06042776171522,0.026145991462981,-4.44,6.63,0,12.587,6,10
2025-04-20 22:43:31.841,461.71,279.01,0,39.2,253.481345948857,-78.6967512210728,35.7254681942966,24.9974813459489,-0.394383731104544,2.06031537694466,0.0262919355324133,-4.44481345948857,6.63481345948857,0,12.587,6,10
2025-04-20 22:43:32.884,463.78,279.01,0,39.2,254.523117508631,-78.6966744939279,35.7254265229879,24.9985231175086,-0.392899526690346,2.06049622825967,0.025891970643974,-4.44476882491369,6.63476882491369,0,12.587,6,10
2025-04-20 22:43:33.916,465.85,279.01,0,39.2,255.553983153116,-78.6965985268399,35.7253852960722,24.9978920336938,-0.391091324587561,2.06065432236395,0.0255959714196959,-4.44,6.63,0,12.587,6,10
2025-04-20 22:43:34.948,467.92,279.01,0,39.2,256.585304155311,-78.696522738675,35.7253441463642,24.9958293916894,-0.394311703430765,2.06032189069815,0.0261419846108856,-4.43414695844689,6.62414695844689,0,12.587,6,10
2025-04-20 22:43:36.005,469.99,279.01,0,39.2,257.641305151947,-78.6964452923324,35.725302076055,24.9962826103039,-0.394950842289358,2.06038506466681,0.0263547922131208,-4.44923915455841,6.63923915455842,0,12.587,6,10
2025-04-20 22:43:36.994,472.07,279.01,0,39.2,258.630151731086,-78.6963723687719,35.7252624679004,24.9976301517311,-0.393711832294287,2.06043246024911,0.0262077455822834,-4.44739696537829,6.63739696537829,0,12.587,6,10
2025-04-20 22:43:38.028,474.14,279.01,0,39.2,259.663861623187,-78.6962962061707,35.7252211119212,24.998,-0.392624197944151,2.06087785249183,0.0258320240097781,-4.44,6.63,0,12.587,6,10
2025-04-20 22:43:39.060,476.21,279.01,0,39.2,260.695214687149,-78.6962201931561,35.7251798914125,24.998,-0.392751504243023,2.06048553417845,0.0257570697841248,-4.43304785312851,6.62304785312851,0,12.587,6,10
2025-04-20 22:43:40.063,478.28,279.01,0,39.2,261.696941839493,-78.696146544469,35.7251398920206,24.9973030581605,-0.392561719156918,2.06072054488192,0.0255540606973935,-4.43696941839493,6.62696941839493,0,12.587,6,10
2025-04-20 22:43:41.104,480.35,279.01,0,39.2,262.737326373618,-78.6960700327789,35.7250983069451,24.9962626736264,-0.395520742352514,2.05988162133171,0.0261189250869063,-4.43262673626382,6.62262673626382,0,12.587,6,10
2025-04-20 22:43:42.092,482.43,279.01,0,39.2,263.724323768055,-78.6959977519326,35.7250590443464,24.9967243237681,-0.397359883085465,2.06018644744024,0.0260761668522424,-4.44448647536111,6.64172971304166,0,12.587,6,10
2025-04-20 22:43:43.116,484.08,279.01,0,39.2,264.74808308992,-78.695922391468,35.7250181018681,24.9984961661798,-0.395399258434401,2.06037290309335,0.0254244499813851,-4.45,6.6425191691008,0,12.587,6,10
2025-04-20 22:43:44.141,486.15,279.01,0,39.2,265.771392614519,-78.6958470255036,35.7249772214347,24.9982286073855,-0.394054155323989,2.06089194348788,0.0254076332083509,-4.45,6.64,0,12.587,6,10
2025-04-20 22:43:45.198,487.8,279.01,0,39.2,266.827071487408,-78.6957692448314,35.7249349344333,24.998,-0.39451354744231,2.05985968978088,0.0253631047832454,-4.43345857025183,6.62345857025183,0,12.587,6,10
2025-04-20 22:43:46.155,489.45,279.01,0,39.2,267.78398055827,-78.695698955827,35.7248967975738,24.998,-0.397384357743836,2.06022078144166,0.025610055422609,-4.4378398055827,6.64351941674811,0,12.587,6,10
2025-04-20 22:43:47.172,491.53,279.01,0,39.2,268.800127465142,-78.6956242106186,35.7248561949014,24.9971998725349,-0.395070803179214,2.06043501632669,0.0248433287116624,-4.44800127465142,6.65,0,12.587,6,10
2025-04-20 22:43:48.188,493.18,279.01,0,39.2,269.815026044371,-78.6955495140831,35.7248155989582,24.9978150260444,-0.395893673272645,2.06038451354309,0.0249349842463382,-4.45,6.65,0,12.587,6,10
2025-04-20 22:43:49.259,494.83,279.01,0,39.2,270.883589329829,-78.6954706027485,35.7247727680679,24.998,-0.390120585376429,2.06072099033471,0.0237138050452754,-4.43232821340342,6.63232821340342,0,12.587,6,10
2025-04-20 22:43:50.234,496.06,279.01,0,39.2,271.858176895487,-78.6953992672689,35.7247340303772,24.998,-0.398164187829233,2.06006026240017,0.0252766546101962,-4.43858176895487,6.63858176895487,0,12.587,6,10
2025-04-20 22:43:51.299,497.71,279.01,0,39.2,272.922135990802,-78.6953208463639,35.7246914223468,24.9970778640092,-0.393338810664436,2.06056606510304,0.0243973998492848,-4.44,6.64,0,12.587,6,10
2025-04-20 22:43:52.298,499.37,279.01,0,39.2,273.918503374074,-78.6952477737027,35.7246517435657,24.9979185033741,-0.398606459058528,2.05995882733677,0.0246081834105895,-4.44,6.64918503374074,0,12.587,6,10
2025-04-20 22:43:53.306,501.44,279.01,0,39.2,274.925361804222,-78.6951736933712,35.7246114855278,24.998,-0.394643265922592,2.06023982329767,0.0239906396956374,-4.44925361804222,6.65925361804222,0,12.587,6,10
2025-04-20 22:43:54.312,502.67,279.01,0,39.2,275.930602139515,-78.6950994285019,35.7245711828542,24.9989306021395,-0.395155477284654,2.06021063243256,0.0242365174261838,-4.44069397860485,6.65069397860485,0,12.587,6,10
2025-04-20 22:43:55.342,502.67,279.01,1.65,39.2,276.959753757595,-78.6950235661481,35.7245300098497,24.999,-0.389974608505577,2.0609150784939,0.0237659854311967,-4.43040246242405,6.64040246242405,0,12.587,6,10
2025-04-20 22:43:56.358,502.67,279.01,2.88,39.2,277.975541147611,-78.6949492879421,35.7244896710164,24.9960733765572,-0.400644585388252,2.06000677169602,0.024875138226847,-4.43975541147611,6.64975541147611,0,12.587,6,10
2025-04-20 22:43:57.368,502.67,279.01,4.54,39.2,278.983924939112,-78.694875181517,35.7244494413949,24.9969839249391,-0.395587884513047,2.06075152258291,0.0236907764735432,-4.45967849878224,6.66967849878224,0,12.587,6,10
2025-04-20 22:43:58.408,504.32,279.01,4.54,39.2,280.023817017208,-78.6947982470675,35.7244076473193,24.998,-0.395173477078598,2.06039594230574,0.0234999870366991,-4.44,6.65976182982792,0,12.587,6,10
2025-04-20 22:43:59.398,504.32,279.01,6.19,39.2,281.012941456221,-78.6947254462147,35.7243680823417,24.998,-0.39049593285531,2.06081354592561,0.0230497380432578,-4.43987058543779,6.64974117087558,0,12.587,6,10
2025-04-20 22:44:00.420,504.32,279.01,7.84,39.2,282.033273151147,-78.694650261078,35.7243272757286,24.998,-0.395146036760125,2.05993426046074,0.023581561838793,-4.43033273151147,6.63066546302294,0,12.587,6,10
2025-04-20 22:44:01.433,504.32,279.01,9.49,39.2,283.046262698115,-78.694576004318,35.7242869541183,24.998,-0.392319463387129,2.06051070112369,0.023331193924503,-4.44,6.65,0,12.587,6,10
2025-04-20 22:44:02.446,504.32,279.01,11.14,39.2,284.058129262306,-78.6945017333122,35.7242465864554,24.998,-0.399920312386688,2.05993649439644,0.0235323226884467,-4.44116258524612,6.65174387786919,0,12.587,6,10
2025-04-20 22:44:03.494,504.32,279.01,12.8,39.2,285.105846153846,-78.6944247779692,35.7242048555692,24.9981058461538,-0.397778007103847,2.0605488273914,0.0229677442220541,-4.45894153846154,6.67894153846154,0,12.587,6,10
2025-04-20 22:44:04.499,504.32,279.01,14.45,39.2,286.109417831158,-78.6943506468476,35.7241646232868,24.9988905821688,-0.39645756440826,2.06039960796564,0.0224661689859554,-4.45,6.66890582168842,0,12.587,6,10
2025-04-20 22:44:05.506,504.32,279.01,16.1,39.2,287.116929865072,-78.694276470576,35.7241243228054,24.9977661402699,-0.394211343842029,2.06033738527087,0.0227828682995516,-4.44766140269856,6.65766140269856,0,12.587,6,10
2025-04-20 22:44:06.513,504.32,279.01,17.75,39.2,288.12326370348,-78.6942022894233,35.724084106431,24.996246527407,-0.398014886687151,2.06028771770793,0.0233771848215092,-4.43246527406961,6.64246527406961,0,12.587,6,10
2025-04-20 22:44:07.570,504.32,279.01,19.82,39.2,289.178178395236,-78.6941250682523,35.7240421550463,24.9981781783952,-0.398397180248748,2.06044135777587,0.0228678854532181,-4.44821821604764,6.66,0,12.587,6,10
2025-04-20 22:44:08.582,504.32,279.01,21.9,39.2,290.189964103964,-78.6940505186419,35.7240016204322,24.998810035896,-0.396158102893277,2.06068195407703,0.0223739179482991,-4.44,6.66,0,12.587,6,10
2025-04-20 22:44:09.612,504.32,279.01,23.97,39.2,291.219104038355,-78.6939747082116,35.7239604920177,24.998,-0.395773120746968,2.06054631681052,0.0220880104181635,-4.43780895961645,6.6556179192329,0,12.587,6,10
2025-04-20 22:44:10.611,504.32,279.01,25.62,39.2,292.217802158061,-78.693901056882,35.7239204532543,24.998,-0.394859217546199,2.06001477313204,0.0221611130277933,-4.43217802158061,6.64435604316123,0,12.587,6,10
2025-04-20 22:44:11.659,504.32,279.01,27.69,39.2,293.264650997756,-78.6938243216866,35.7238788139601,24.9982646509978,-0.399286596709397,2.06040116129111,0.0224248762757612,-4.44,6.66,0,12.587,6,10
2025-04-20 22:44:12.680,504.32,279.01,29.76,39.2,294.285337112112,-78.6937491991885,35.7238380150492,24.9987146628879,-0.396835462092313,2.06050083716901,0.0221796667020698,-4.44285337112112,6.66285337112112,0,12.587,6,10
2025-04-20 22:44:13.694,504.32,279.01,31.84,39.2,295.298295996556,-78.6936745857554,35.7237975383305,24.9982982959966,-0.396699862803062,2.06037628452081,0.0221135425026183,-4.44701704003444,6.66701704003444,0,12.587,6,10
2025-04-20 22:44:14.721,504.32,279.01,33.91,39.2,296.324493519347,-78.693598917277,35.7237564202592,24.999,-0.394354612665062,2.06049975935458,0.0217192205292545,-4.44,6.65675506480653,0,12.587,6,10
2025-04-20 22:44:15.754,504.32,279.01,35.98,39.2,297.357167118887,-78.6935228767833,35.723715149032,24.9986428328811,-0.395366516972484,2.06053283559582,0.021600043801657,-4.43642832881114,6.64642832881113,0,12.587,6,10
2025-04-20 22:44:16.795,504.32,279.01,38.05,39.2,298.396475097623,-78.6934465573179,35.7236737599386,24.9972070498048,-0.397707131051953,2.06048500463028,0.0218438328438866,-4.43396475097623,6.65189425292868,0,12.587,6,10
2025-04-20 22:44:17.787,504.32,279.01,40.12,39.2,299.388219841686,-78.6933742764175,35.7236344653163,24.9979410992084,-0.35656928323975,2.06149264094803,0.0172385157843372,-4.35459163482908,6.53800525382676,0,12.587,6,10
2025-04-20 22:44:18.844,504.32,279.01,42.8,39.2,300.443849198417,-78.6933008610323,35.7235946321233,24.9987807540079,-0.236780962114336,2.06274543858745,0.00641460326259965,-3.93149802102906,5.90390476951984,0,12.587,6,10
2025-04-20 22:44:19.844,504.32,279.01,44.87,39.2,301.443145391286,-78.6932408917216,35.7235621930982,24.992897982261,-0.128615599371449,2.06288284898525,0.000426915935451708,-3.23320950262269,4.86924570784689,0,12.587,6,10
2025-04-20 22:44:20.875,504.32,279.01,46.94,39.2,302.47317044897,-78.693192173182,35.7235358795183,24.989,-0.0198039876515088,2.0626878298839,-0.00491320342501078,-2.40307341388611,3.62961012082917,0,12.587,6,10
2025-04-20 22:44:21.921,504.32,279.01,49.01,39.2,303.517954244893,-78.6931583583256,35.7235176112085,24.9900359084898,0.0892641036188027,2.06169465530365,-0.0114701041495228,-1.45276392490281,2.19378680245636,0,12.587,6,10
2025-04-20 22:44:22.955,504.32,279.01,51.69,39.2,304.551213821099,-78.6931419249253,35.7235086644164,24.9926536414633,0.116039919545238,2.0617958680168,-0.0118029295329444,-0.504931837432679,0.767909894360011,0,12.587,6,10
2025-04-20 22:44:23.994,504.32,279.01,53.34,39.2,305.589333181495,-78.6931389071998,35.7235068946666,24.992821333637,0.0467589212889845,2.06203468393026,-0.00501999288564335,0.0373332953738367,-0.0439466089682317,0,12.587,6,10
2025-04-20 22:44:24.975,504.32,279.01,56.01,39.2,306.5688191659,-78.6931410495756,35.7235078963468,24.992,0.000138057241841926,2.0622019118352,-0.00162536722175187,0.122935425022991,-0.171559041704985,0,12.587,6,10
2025-04-20 22:44:26.012,504.32,279.01,58.69,39.2,307.60466471429,-78.69314332793,35.7235089837318,24.9938139941429,-0.00887912296675795,2.09886512161546,-0.00174496612826078,0.0797667642855,-0.0955801757139001,0,12.587,6,10
2025-04-20 22:44:27.047,504.32,279.01,61.36,39.2,308.639275682484,-78.6931445114205,35.7235095557103,24.9975571027299,-0.00304116947097097,-1.15486054807922,-0.0032943552931513,0.0408217295254848,-0.028036215875808,0,12.587,6,10
2025-04-20 22:44:28.056,504.32,279.01,64.04,39.2,309.645916481984,-78.6931450583666,35.7235098291833,25.000291832964,0.00114330027262672,-2.28400127588471,-0.0012842012169256,0.0235408351801588,-0.00354083518015879,0,12.587,6,10
2025-04-20 22:44:29.069,504.32,279.01,64.04,39.2,310.65567635803,-78.6931452655676,35.7235100311353,25.001,0.00104774613399323,-1.4506512122508,0.000223866786098712,0.02,0,0,12.587,6,10
2025-04-20 22:44:30.092,505.16,279.01,64.04,39.2,311.678237676894,-78.6931453678238,35.7235101678238,25.001,0.00051661200367433,-0.742276379800011,6.46574039929274e-05,0.013217623231059,0,0,12.587,6,10
2025-04-20 22:44:31.154,505.16,279.01,66.71,39.2,312.738357384323,-78.6931454,35.7235102738357,25.001,0.000547595759099964,0.21978155534213,-0.000142224755987114,0.0026164261567737,0,0,12.587,6,10
2025-04-20 22:44:32.142,505.16,279.01,68.78,39.2,313.724930358639,-78.693145327507,35.7235103,25.001,0.00118529686785932,0.878534810351946,-0.0006106758834747,0,-0.0072493035863928,0,12.587,6,10
2025-04-20 22:44:33.201,505.16,279.01,71.46,39.2,314.783175522435,-78.6931453,35.7235103,25.001,0.000567094699827143,0.565274313342321,-0.00147850478782989,0,-0.01,0,12.587,6,10
2025-04-20 22:44:34.184,505.16,279.01,73.53,39.2,315.765669881897,-78.6931453,35.7235103,25.001,0.000973427880856578,0.973936962403023,-0.00128812071879659,0,-0.0176566988189742,0,12.587,6,10
2025-04-20 22:44:35.197,505.16,279.01,76.2,39.2,316.777335996018,-78.6931453,35.7235103,25.001,0.00138093626046232,2.31830349792373,0.000311105757909221,0,-0.02,0,12.587,6,10
2025-04-20 22:44:36.209,505.16,279.01,78.27,39.2,317.788920004238,-78.6931453,35.7235103,25.001,0.00133336835198711,2.32712064893342,9.21130386846049e-05,0.00788920004237545,-0.02,0,12.587,6,10
2025-04-20 22:44:37.273,505.16,279.01,80.95,39.2,318.852593212954,-78.6931453852593,35.7235103,25.001,0.00034833242723933,1.8935560233637,-0.00091361109715993,0.01,-0.0114740678704633,0,12.587,6,10
2025-04-20 22:44:38.289,505.16,279.01,83.02,39.2,319.867071948107,-78.6931455734144,35.7235103,25.001,0.000216711419109666,2.20928360969321,-0.00150443034893893,0.01,-0.00132928051893063,0,12.587,6,10
2025-04-20 22:44:39.296,505.16,279.01,85.09,39.2,320.872251317262,-78.6931456872251,35.7235103,25.001,-0.000340547930283024,2.14786379959736,-0.00185963010010069,0.01,0,0,12.587,6,10
2025-04-20 22:44:40.358,505.16,279.01,87.77,39.2,321.93189544519,-78.6931457,35.7235103,25.0028637908904,-0.000863078902273755,2.0690038800067,-0.00165535820723475,0.01,0.00931895445190363,0,12.587,6,10
2025-04-20 22:44:41.452,505.16,279.01,90.44,39.2,323.024024761374,-78.6931459,35.7235103,25.0019759752386,-0.00134328537375044,2.18412610513353,-0.00176922176443715,0.01,0.02,0,12.587,6,10
2025-04-20 22:44:42.394,505.16,279.01,92.51,39.2,323.96442798211,-78.6931459,35.7235103,25.0010355720179,-0.000979071932220851,2.10389382093953,-0.00130790055067734,0.01,0.02,0,12.587,6,10
2025-04-20 22:44:43.407,505.16,279.01,95.19,39.2,324.975213955992,-78.6931459,35.7235103,25.001,-0.00115107389020387,2.10700042281951,-0.000902264946041405,0.01,0.02,0,12.587,6,10
2025-04-20 22:44:44.414,505.16,279.01,97.86,39.2,325.9820497956,-78.6931459,35.7235103,25.001,-0.00222893238634764,1.16363802451559,0.0007979961283606,0.000179502043998465,0.02,0,12.587,6,10
2025-04-20 22:44:45.432,505.16,279.01,100.53,39.2,326.999092849999,-78.6931459,35.7235103,25.001,0.000213149138545538,-0.337587245780548,0.00190992496993233,0,0.02,0,12.587,6,10
2025-04-20 22:44:46.459,505.16,279.01,103.21,39.2,328.025607424735,-78.693146238149,35.723510768878,25.001,-0.163183384016621,-0.992916141980576,0.0615616447741782,0.251983072211792,-0.147898988607612,0,12.587,6,10
2025-04-20 22:44:47.457,505.16,279.01,105.28,39.2,329.02288348952,-78.6931558743756,35.7235216453144,25.0011144174476,-0.335615889027568,-0.650507438154426,0.00523795843008308,2.27393629987811,-1.62272339001339,0,12.587,6,10
2025-04-20 22:44:48.538,505.16,279.01,107.95,39.2,330.102425059649,-78.6931845482149,35.7235538808252,25.006,-0.441998639660356,-0.639675048598682,0.00273651304263893,4.33334085677244,-3.14803132456176,0,12.587,6,10
2025-04-20 22:44:49.631,505.16,279.01,110.63,39.2,331.194966580412,-78.6932306093357,35.7236058181285,25.0061949665804,-0.441218767557825,-0.765736531929987,0.0404724753387145,6.01993629796885,-4.34798663216473,0,12.587,6,10
2025-04-20 22:44:50.546,505.16,279.01,113.3,39.2,332.108650975609,-78.6932764476366,35.723657245217,25.0062394431707,-0.422887579214484,-0.653409265952625,-0.00574072475286459,6.37390321463399,-4.68738415609744,0,12.587,6,10
2025-04-20 22:44:51.584,505.16,279.01,115.98,39.2,333.144900885955,-78.6933313811776,35.723717965073,25.000144900886,-0.415717623742125,-0.716622685883712,0.0234956408604809,6.57869405315731,-4.83,0,12.587,6,10
2025-04-20 22:44:52.602,505.16,279.01,118.65,39.2,334.163096138872,-78.6933859930242,35.7237787552914,25.0011630961389,-0.411235492033624,-0.709526305413105,0.014518116111815,6.62510711583383,-4.83163096138872,0,12.587,6,10
2025-04-20 22:44:53.622,505.16,279.01,121.32,39.2,335.182331886421,-78.6934403182895,35.7238390940477,25.0018176681136,-0.404670185390234,-0.689429800760179,0.0105859579859514,6.59270672454314,-4.83088340567893,0,12.587,6,10
2025-04-20 22:44:54.600,505.16,279.01,123.4,39.2,336.159709100497,-78.6934923006987,35.7238968429824,25.000680581799,-0.401041583498364,-0.711707710486418,0.0170155761747656,6.5552087269851,-4.78680581799007,0,12.587,6,10
2025-04-20 22:44:55.711,505.16,279.01,125.47,39.2,337.269293773481,-78.6935506648525,35.7239617806151,24.9987307062265,-0.39826242704946,-0.699174628687585,0.0121514602157236,6.51922824906076,-4.76192118679557,0,12.587,6,10
2025-04-20 22:44:56.676,505.16,279.01,127.54,39.2,338.233572908101,-78.6936012224339,35.7240181472287,24.998,-0.398536366015768,-0.702291057264636,0.0139690245058687,6.49,-4.73766427091899,0,12.587,6,10
2025-04-20 22:44:57.697,505.16,279.01,129.61,39.2,339.254052287451,-78.6936542107189,35.7240773096274,24.998,-0.400858094041188,-0.703794950181258,0.0131529673720089,6.49,-4.73254052287451,0,12.587,6,10
2025-04-20 22:44:58.694,505.16,279.01,131.68,39.2,340.249843123619,-78.6937060168267,35.7241349909012,24.998,-0.403434962439933,-0.700693941977728,0.0119177329525846,6.49499686247237,-4.74499686247237,0,12.587,6,10
2025-04-20 22:44:59.720,505.16,279.01,134.36,39.2,341.274729397865,-78.6937595232934,35.7241945991427,24.9974505412043,-0.401670435789075,-0.702830961423743,0.0127439890236642,6.50450541204271,-4.75450541204271,0,12.587,6,10
2025-04-20 22:45:00.713,505.16,279.01,136.43,39.2,342.266761867264,-78.6938115249695,35.7242526255407,24.9957332381327,-0.39749999625175,-0.702299970444747,0.0120313565439292,6.48466476265472,-4.74,0,12.587,6,10
2025-04-20 22:45:01.746,505.16,279.01,139.1,39.2,343.298409417353,-78.6938653769716,35.7243126375871,24.9955968188347,-0.397693171165365,-0.701990299713815,0.0121459521625685,6.46701590582647,-4.73403181165294,0,12.587,6,10
2025-04-20 22:45:02.757,505.16,279.01,141.78,39.2,344.309457755107,-78.6939180918033,35.724371317604,24.9973094577551,-0.397671966563597,-0.702796345370424,0.0123235257931975,6.46309457755107,-4.72309457755107,0,12.587,6,10
2025-04-20 22:45:03.774,505.16,279.01,143.01,39.2,345.325185103768,-78.6939709096254,35.724430160736,24.998,-0.400968641478909,-0.70274587702466,0.0123799196928664,6.47,-4.73,0,12.587,6,10
2025-04-20 22:45:04.794,505.16,279.01,145.08,39.2,346.344592899417,-78.6940239877493,35.7244892863882,24.9976554071006,-0.401327434983835,-0.702647912176613,0.0124572672818735,6.47689185798833,-4.73344592899417,0,12.587,6,10
2025-04-20 22:45:05.815,505.16,279.01,147.15,39.2,347.365214405425,-78.6940773372348,35.7245486285213,24.9966347855946,-0.399161727332508,-0.702449300330868,0.012195330504841,6.48269571189149,-4.73634785594575,0,12.587,6,10
2025-04-20 22:45:06.899,505.16,279.01,149.23,39.2,348.447108337305,-78.6941338943444,35.7246116322836,24.9968942166746,-0.397305990802955,-0.702421123696272,0.0120359025559328,6.46552891662695,-4.73,0,12.587,6,10
2025-04-20 22:45:07.902,505.16,279.01,151.3,39.2,349.450125898508,-78.6941861065467,35.7246698523147,24.998,-0.399286861304939,-0.702682978973856,0.0120717347791252,6.46,-4.72549874101493,0,12.587,6,10
2025-04-20 22:45:08.926,505.16,279.01,153.37,39.2,350.472948217086,-78.6942392933073,35.7247291837018,24.9975270517829,-0.40018277225933,-0.70246316908206,0.0118645849089614,6.46472948217086,-4.72472948217086,0,12.587,6,10
2025-04-20 22:45:09.934,505.16,279.01,155.44,39.2,351.480451849625,-78.6942918276317,35.7247877103428,24.9965195481504,-0.398373039794014,-0.702481270146048,0.0118346848953311,6.47,-4.73480451849625,0,12.587,6,10
2025-04-20 22:45:10.912,505.16,279.01,157.51,39.2,352.457221953948,-78.694342866986,35.7248445645955,24.9969144439079,-0.396652312667557,-0.70237476682312,0.0116486327534274,6.46542778046052,-4.73085556092104,0,12.587,6,10
2025-04-20 22:45:11.960,505.16,279.01,159.17,39.2,353.504897845787,-78.6943975556676,35.7249054345648,24.998,-0.396624606932538,-0.702404747966505,0.011927881327036,6.46,-4.72504897845787,0,12.587,6,10
2025-04-20 22:45:13.009,505.16,279.01,161.24,39.2,354.55232148524,-78.6944521207172,35.7249662346461,24.998,-0.398439393881,-0.702628698480657,0.0122120631892267,6.46,-4.7244767851476,0,12.587,6,10
2025-04-20 22:45:13.966,505.16,279.01,163.31,39.2,355.509184465088,-78.6945018266737,35.7250216817805,24.998,-0.400136211142559,-0.702392239641091,0.0117347562347533,6.47018368930175,-4.73018368930175,0,12.587,6,10
2025-04-20 22:45:14.982,505.16,279.01,164.15,39.2,356.524186993699,-78.6945547149798,35.725080607683,24.998,-0.399111163075217,-0.702665989247034,0.0117233099558783,6.47475813006301,-4.74,0,12.587,6,10
2025-04-20 22:45:16.068,506.81,279.01,164.15,39.2,357.610197100505,-78.6946114522886,35.7251438134712,24.996779605799,-0.396533783323156,-0.702591643735007,0.0117481650294905,6.47610197100505,-4.73389802899495,0,12.587,6,10
2025-04-20 22:45:17.022,508.05,279.01,164.15,39.2,358.563119213801,-78.6946613074468,35.7251993298502,24.9965631192138,-0.395680566340905,-0.702451024260757,0.0114763804371817,6.46310642358596,-4.72436880786199,0,12.587,6,10
2025-04-20 22:45:18.070,509.7,279.01,164.15,39.2,359.610191001333,-78.694715868913,35.725260130059,24.9976101910013,-0.396860297239532,-0.702065326204365,0.0113630780344382,6.45610191001333,-4.72,0,12.587,6,10
2025-04-20 22:45:19.061,511.35,279.01,164.15,39.2,360.600226558211,-78.694767311781,35.7253174531177,24.998,-0.400521796677747,-0.702443864506765,0.0119244893050617,6.46600226558211,-4.72600226558211,0,12.587,6,10
2025-04-20 22:45:20.152,513,279.01,164.15,39.2,361.689137323381,-78.6948239351408,35.725380501051,24.998,-0.40139435710119,-0.702440719365584,0.0118295170808227,6.48378274646762,-4.74378274646762,0,12.587,6,10
2025-04-20 22:45:21.146,513,279.01,165.38,39.2,362.682842266903,-78.694875949219,35.7254384462726,24.9986828422669,-0.398201064668277,-0.702545184394129,0.0116335805365965,6.47634315466193,-4.73634315466193,0,12.587,6,10
2025-04-20 22:45:22.142,515.07,279.01,165.38,39.2,363.678374171219,-78.6949278754569,35.7254962778645,24.9976432516576,-0.39724973248143,-0.701595646123391,0.0113195666234538,6.46321625828781,-4.73,0,12.587,6,10
2025-04-20 22:45:23.151,517.15,279.01,165.38,39.2,364.686474998276,-78.6949804339949,35.7255548528449,24.9963135250017,-0.397248006561648,-0.702422313198057,0.01173195929601,6.45313525001724,-4.72313525001724,0,12.587,6,10
2025-04-20 22:45:24.210,518.8,279.01,165.38,39.2,365.744625205417,-78.6950355205107,35.7256162137994,24.9974892504108,-0.398372032659478,-0.703346894961096,0.0124697730263893,6.45744625205417,-4.72,0,12.587,6,10
2025-04-20 22:45:25.247,520.87,279.01,165.38,39.2,366.781053706579,-78.6950894147927,35.725676301115,24.998,-0.400553082732622,-0.702633803017123,0.0121576372785091,6.46781053706579,-4.72781053706579,0,12.587,6,10
2025-04-20 22:45:26.325,522.94,279.01,165.38,39.2,367.85795455681,-78.6951455852279,35.7257389329552,24.998,-0.400528071441272,-0.702545205979699,0.0117730459969441,6.4785795455681,-4.7385795455681,0,12.587,6,10
2025-04-20 22:45:27.268,525.62,279.01,165.38,39.2,368.800122719128,-78.6951948464182,35.7257937671422,24.9988001227191,-0.397139024883393,-0.702473303962182,0.0115439356456127,6.46399754561744,-4.72399754561744,0,12.587,6,10
2025-04-20 22:45:28.303,527.69,279.01,165.38,39.2,369.834853049662,-78.6952487958439,35.7258539049622,24.9981651469503,-0.399336848612322,-0.702496176490818,0.011898381035767,6.46,-4.72834853049662,0,12.587,6,10
2025-04-20 22:45:29.266,529.76,279.01,165.38,39.2,370.797057656381,-78.6952989267039,35.7259096496383,24.9964058846872,-0.39926044136861,-0.703337138199225,0.0123159792306977,6.46,-4.73,0,12.587,6,10
2025-04-20 22:45:30.363,532.43,279.01,165.38,39.2,371.89368291515,-78.6953559715116,35.7259732336091,24.9968936829152,-0.401152781989437,-0.701985555894569,0.0118161389696006,6.477873658303,-4.73,0,12.587,6,10
2025-04-20 22:45:31.304,535.11,279.01,165.38,39.2,372.834308952678,-78.6954052177891,35.7260281236428,24.9986686179054,-0.396034296185403,-0.702763164316179,0.0113347386105027,6.47165691047323,-4.73,0,12.587,6,10
2025-04-20 22:45:32.321,537.78,279.01,165.38,39.2,373.851445146794,-78.6954581751476,35.7260871838185,24.9981485548532,-0.399326748531887,-0.70207168222823,0.0114545564320227,6.46148554853206,-4.73,0,12.587,6,10
2025-04-20 22:45:33.329,540.46,279.01,165.38,39.2,374.857913521702,-78.6955106830858,35.7261456447756,24.9988579135217,-0.396319513112595,-0.703175891644656,0.0119722488063553,6.46,-4.73,0,12.587,6,10
2025-04-20 22:45:34.357,543.13,279.01,165.38,39.2,375.885854737839,-78.6955641644464,35.7262051909893,24.9981141452622,-0.401635313031145,-0.702017683248236,0.0118231776728746,6.46885854737839,-4.73,0,12.587,6,10
2025-04-20 22:45:35.380,546.5,279.01,165.38,39.2,376.908015491749,-78.6956175892102,35.7262647373032,24.9989080154918,-0.393396432199802,-0.702795437873995,0.0114994305649058,6.47,-4.73,0,12.587,6,10
2025-04-20 22:45:36.393,550.33,279.01,165.38,39.2,377.918921132483,-78.6956701838989,35.7263233974257,24.9980810788675,-0.400456008750567,-0.702365158719153,0.0119229851992124,6.46081078867517,-4.72081078867517,0,12.587,6,10
2025-04-20 22:45:37.407,554.15,279.01,165.38,39.2,378.932260098676,-78.6957230639772,35.7263822643117,24.9970677399013,-0.394824678688697,-0.702422856550516,0.0115022169076028,6.46932260098676,-4.72932260098676,0,12.587,6,10
2025-04-20 22:45:38.428,557.97,279.01,165.38,39.2,379.952727374474,-78.6957763323689,35.7264415534605,24.9979527273745,-0.397977628551901,-0.702442693061404,0.0115631527893155,6.46047272625526,-4.72047272625526,0,12.587,6,10
2025-04-20 22:45:39.422,561.79,279.01,165.38,39.2,380.946576768668,-78.695828021992,35.7264992014526,24.998,-0.396505345793913,-0.702974838002778,0.0120820775134549,6.46,-4.72,0,12.587,6,10
2025-04-20 22:45:40.449,565.61,279.01,165.38,39.2,381.972772769571,-78.6958814814613,35.7265586235434,24.998,-0.402538198648037,-0.702249914320718,0.0125333716726581,6.46972772769571,-4.72972772769571,0,12.587,6,10
2025-04-20 22:45:41.446,569.44,279.01,165.38,39.2,382.969061439382,-78.695933388101,35.7266165024696,24.998,-0.396700687158553,-0.702561831966607,0.0118381698743396,6.48938122878764,-4.73969061439382,0,12.587,6,10
2025-04-20 22:45:42.535,574.08,279.01,165.38,39.2,384.056743559017,-78.6959903506651,35.7266800854521,24.997056743559,-0.397080826587292,-0.702459907055865,0.0115180534261366,6.46,-4.72056743559017,0,12.587,6,10
2025-04-20 22:45:43.529,577.91,279.01,165.38,39.2,385.049979110403,-78.6960420139075,35.7267376087842,24.998,-0.396093537200019,-0.702750736835408,0.0118678655574563,6.45950020889597,-4.72950020889597,0,12.587,6,10
2025-04-20 22:45:44.580,583.37,279.01,165.38,39.2,386.099931148127,-78.6960968964197,35.7267986860135,24.998,-0.397722914729342,-0.70261452903151,0.0122433242166144,6.45199862296255,-4.72099931148127,0,12.587,6,10
2025-04-20 22:45:45.594,588.83,279.01,165.38,39.2,387.11327238093,-78.696149601491,35.7268573811253,24.998,-0.397671119793173,-0.702707063521441,0.0119980735975021,6.4688672761907,-4.72886727619071,0,12.587,6,10
2025-04-20 22:45:46.628,594.29,279.01,165.38,39.2,388.146421991245,-78.6962033993013,35.7269173778333,24.9978535780088,-0.400816596327509,-0.702342696886204,0.0118946419098162,6.4629284398249,-4.7229284398249,0,12.587,6,10
2025-04-20 22:45:47.679,598.93,279.01,165.38,39.2,389.194893253169,-78.6962579124065,35.7269781622767,24.9971948932532,-0.391412677010014,-0.702340698306597,0.0109493945924054,6.46830640480988,-4.73025533734156,0,12.587,6,10
2025-04-20 22:45:48.648,604.39,279.01,165.38,39.2,390.162901154686,-78.6963080658665,35.7270339781129,24.9981629011547,-0.334655750929898,-0.701807154395828,0.00696223711020118,6.29782413398554,-4.60203337646959,0,12.587,6,10
2025-04-20 22:45:49.668,610.72,279.01,165.38,39.2,391.182875876197,-78.6963566990744,35.7270881220158,24.9975369929904,-0.21064366772734,-0.701523242852223,0.000160154944870657,5.48346660627893,-4.01467185161412,0,12.587,6,10
2025-04-20 22:45:50.669,616.18,279.01,165.38,39.2,392.183034063771,-78.6963971584275,35.7271328990467,24.9904508978087,-0.10339081353127,-0.701608482312411,-0.00159304748473102,4.43401980475033,-3.25259070515702,0,12.587,6,10
2025-04-20 22:45:51.675,621.64,279.01,165.38,39.2,393.188335445898,-78.6964285317152,35.7271675837203,24.988,0.0039386886123135,-0.70169470872803,-0.00435420671929713,3.22139721141506,-2.36543126302027,0,12.587,6,10
2025-04-20 22:45:52.738,627.97,279.01,165.38,39.2,394.251220764586,-78.6964500639167,35.7271913402596,24.9887536622938,0.0915464407576665,-0.498002579609582,0.0194034676887102,1.77819326841236,-1.29365715895514,-0.0025122076458624,12.587,6,10
2025-04-20 22:45:53.742,634.3,279.01,165.38,39.2,395.254183313126,-78.6964588796016,35.7272011066933,24.9907458166869,0.0702358301689824,0.485115144740711,0.0808718786963211,0.474278848892955,-0.325115511518162,-0.00745816686873968,12.587,6,10
2025-04-20 22:45:54.821,640.63,279.01,165.38,39.2,396.332172568387,-78.6964587034823,35.7272015360031,24.9886713097264,-0.106529626137274,1.81712527616372,0.00352730324975807,-0.22290385030328,0.302625266716219,0,12.587,6,10
2025-04-20 22:45:55.836,645.27,279.01,165.38,39.2,397.346626591648,-78.6964494555042,35.7271966723847,24.9853067468167,-0.290934412260164,2.07841953590619,-0.00792680692976264,-0.851289250812385,1.4829772993742,0,12.587,6,10
2025-04-20 22:45:56.854,650.73,279.01,165.38,39.2,398.363652992317,-78.6964200538254,35.727183599689,24.985090958977,-0.296011416500669,1.77300652890329,0.0685647242572759,-1.86819545370039,3.5327543774776,-0.00363652992317546,12.587,6,10
2025-04-20 22:45:57.900,656.19,279.01,165.38,39.2,399.409290458294,-78.6963725266256,35.7271633095456,24.9820885145005,-0.165670386014934,1.86274475960936,0.0168907007330092,-2.2344696258482,4.34079734335524,-0.00590709541705795,12.587,6,10
2025-04-20 22:45:58.918,662.52,279.01,165.38,39.2,400.426823911802,-78.6963266697259,35.727144328135,24.9715854087056,-0.0369392273799585,1.89079762584802,-0.00960885258274718,-1.77951508762682,3.55756665348969,0,12.587,6,10
2025-04-20 22:45:59.930,667.98,279.01,165.38,39.2,401.437154357211,-78.6962927837102,35.727130684741,24.9455794364967,0.118207946962746,1.83020595080998,-0.0248694688451176,-1.10279033994309,2.21558067988617,0.131146307163184,12.587,6,10
2025-04-20 22:46:00.953,674.31,279.01,165.38,39.2,402.459945320026,-78.6962755183663,35.7271238501367,24.5215271341378,0.155282160399346,1.87491793181926,-0.0232062283777171,-0.381629527186094,0.754861241571157,0.810539305228585,12.587,6,10
2025-04-20 22:46:01.990,680.64,279.01,165.38,39.2,403.495821145424,-78.6962719991642,35.7271224504179,23.275577517103,0.0338303091467036,1.85770721893057,-0.00248516680202892,-0.0404178854576265,0.0310029250983036,1.45958211454237,12.587,6,10
2025-04-20 22:46:02.990,686.97,279.01,165.38,39.2,404.495549782961,-78.6962729424346,35.7271225486649,21.7307465290306,0.00147310790733237,1.85426386006989,-0.00120665287258195,0.0149554978296134,-0.0800890043407732,1.47035601736309,12.587,6,10
2025-04-20 22:46:03.998,693.29,279.01,165.38,39.2,405.50242709712,-78.6962743526698,35.7271228004854,20.219895760777,-0.00754593871029561,1.86590248089886,-0.00172074286594655,0.0149757290288013,-0.034830103201609,1.4350242709712,12.587,6,10
2025-04-20 22:46:05.024,699.62,279.01,165.38,39.2,406.528161534534,-78.6962751112646,35.7271229528162,18.6887576981988,-0.00618372080461572,1.85690833035766,-0.0016973296028288,0.00471838465465881,0.0158448460360236,1.44528161534534,12.587,6,10
2025-04-20 22:46:06.069,706.79,279.01,165.38,39.2,407.572504576306,-78.6962753572505,35.727123,17.1256781629994,-0.00236244112436609,1.86090231366345,-0.00204509873547719,0.00572504576305595,0.03,1.45,12.587,6,10
2025-04-20 22:46:07.029,713.12,279.01,165.38,39.2,408.531856094112,-78.6962754,35.727123,15.6892158588327,-0.000367052129873422,1.86156726710013,-0.00172926720754878,0.01,0.0246814390588847,1.45531856094112,12.587,6,10
2025-04-20 22:46:08.082,719.45,279.01,165.38,39.2,409.584326993234,-78.6962754,35.727123,14.1169371070754,0.00037993461858564,1.85974057626965,-0.00156558085161866,0.0158432699323346,0.0141567300676654,1.46,12.587,6,10
2025-04-20 22:46:09.070,725.77,279.01,165.38,39.2,410.572066366696,-78.6962754,35.727123,12.6381842508555,0.000268690073834284,1.86047926892607,-0.00162592615081404,0.02,0.00427933633303724,1.46572066366696,12.587,6,10
2025-04-20 22:46:10.125,732.1,279.01,165.38,39.2,411.626325625087,-78.6962754,35.727123,11.1507130573821,-0.000209290966200996,1.86044165214579,-0.00151168745663993,0.02,0,1.1255209062019,12.587,6,10
2025-04-20 22:46:11.100,737.56,279.01,165.38,39.2,412.600319422443,-78.6962754,35.727123,10.3168243176565,0.000280166187041141,1.86077952001691,-0.00140024518430613,0.02,0,0.613837094554232,12.587,6,10
2025-04-20 22:46:12.161,743.89,279.01,165.38,39.2,413.661504597281,-78.6962754,35.727123,9.79403089444548,0.000351477441687513,1.86066744173165,-0.00137452965150079,0.0133849540271938,0,0.476150459728062,12.587,6,10
2025-04-20 22:46:13.154,750.22,279.01,165.38,39.2,414.652857017292,-78.6962754,35.7271230652857,9.30539006416403,-0.000708147584703871,1.86070984888143,-0.000981031841832429,0.01,0,0.51,12.587,6,10
2025-04-20 22:46:14.192,757.39,279.01,165.38,39.2,415.690002037588,-78.6962754,35.7271231,8.7802389730559,-0.00100867869911321,1.86094998522538,-0.000800872098196585,0.01,0.00690002037587499,0.503099979624125,12.587,6,10
2025-04-20 22:46:15.206,763.71,279.01,165.38,39.2,416.703692743284,-78.6962754703693,35.7271231,8.27074624287166,-0.00129285017354375,1.86080340434609,-0.000821548586372275,0.01,0.01,0.5,12.587,6,10
2025-04-20 22:46:16.242,769.17,279.01,165.38,39.2,417.738909451467,-78.6962755,35.7271231,7.7495896364605,-0.00105966789254201,1.86049438899348,-0.0011323002586282,0.01,0.01,0.5,12.587,6,10
2025-04-20 22:46:17.308,776.34,279.01,165.38,39.2,418.804645539073,-78.6962755,35.7271231,7.21487258492423,-0.000784298199453125,1.86048748721084,-0.00134804392271014,0.00195354460926605,0.01,0.5,12.587,6,10
2025-04-20 22:46:18.336,782.67,279.01,165.38,39.2,419.831722494638,-78.6962755,35.7271231,6.69947530769185,-0.00089981441145916,1.86077550242607,-0.0010862466120565,0,0.01,0.491682775053622,12.587,6,10
2025-04-20 22:46:19.353,789.84,279.01,165.38,39.2,420.846644391751,-78.6962755,35.7271231,6.19252444851622,-0.000455901845571893,1.86093022560451,-0.00105763851425881,0.0084664439175107,0.01,0.49,12.587,6,10
2025-04-20 22:46:20.434,795.3,279.01,165.38,39.2,421.926459963967,-78.6962755,35.7271231,5.65091709808836,8.09633348115025e-05,1.86130582701008,-0.000774399877497342,0.01,0.01,0.49,12.587,6,10
2025-04-20 22:46:21.420,801.63,279.01,165.38,39.2,422.912578189013,-78.6962755,35.7271231,5.15679832730471,-0.000383333459254582,1.86094942223376,-0.000600336131448879,0.01,0.01,0.49,12.587,6,10
2025-04-20 22:46:22.442,807.95,279.01,165.38,39.2,423.93388516471,-78.6962755,35.7271231,4.64418964731559,-0.000512499997153212,1.86106396720696,-0.00131599659798347,0.01,0.01,0.49,12.587,6,10
2025-04-20 22:46:23.438,814.28,279.01,165.38,39.2,424.928717966133,-78.6962755,35.7271231,4.1475697348997,-0.000968972286929985,1.86112207070464,-0.00140899334789266,0.01,0.01,0.49,12.587,6,10
2025-04-20 22:46:24.554,820.61,279.01,165.38,39.2,426.043197357747,-78.6962755,35.7271231,3.58944451848418,-0.000887007842238362,1.86123351676948,-0.00142956507337696,0.01,0.01,0.49,12.587,6,10
2025-04-20 22:46:25.563,826.94,279.01,165.38,39.2,427.051260077826,-78.6962755,35.7271231,3.08626744093135,-0.00082947512804304,1.86113199109779,-0.00113028830173505,0.01,0.01,0.49,12.587,6,10
2025-04-20 22:46:26.573,833.27,279.01,165.38,39.2,428.060040263412,-78.6962755,35.7271231,2.57997986829426,-0.000841592615282039,1.86105928553055,-0.000647772323824806,0.00939959736588522,0.01,0.49,12.587,6,10
2025-04-20 22:46:27.600,839.59,279.01,165.38,39.2,429.086381725836,-78.6962755,35.7271231,2.06672275535638,-0.000943691258280667,1.86133259029218,-0.000651499333047572,0,0.01,0.49,12.587,6,10
2025-04-20 22:46:28.644,845.92,279.01,165.38,39.2,430.130148763399,-78.6962755,35.7271231,1.54405576706409,-0.00051295521116314,1.86146951204711,-0.000799330048016228,0,0.01,0.49,12.587,6,10
2025-04-20 22:46:29.671,852.25,279.01,165.38,39.2,431.154930802246,-78.6962755,35.7271231,1.03222473727243,-0.000146249085990746,1.86102161304512,-0.000811575067300118,0,0.01,0.49,12.587,6,10
2025-04-20 22:46:30.684,858.58,279.01,165.38,39.2,432.167457206435,-78.6962755,35.7271231,0.524438853988775,-0.000197766543952336,1.86118432373665,-0.000960530700491464,0.00167457206435322,0.01,0.49,12.587,6,10
2025-04-20 22:46:31.695,864.91,279.01,165.38,39.2,433.17749450084,-78.6962755,35.7271231,0.09497793443363,-0.000619874357817219,1.86092428335235,-0.0011138357434507,0.01,0.01,0.40480263959674,12.587,6,10
2025-04-20 22:46:32.702,871.23,279.01,165.38,39.2,434.183093245269,-78.6962754816907,35.7271231,0.0279859743020365,-0.000789174767303993,1.8609474412959,-0.00104363419948703,0.01,0.01,0.01,12.587,6,10
